id,n1,n2,weight,sub
basilikum--zucchini,basilikum,zucchini,1,A
basilikum--olivenöl,basilikum,olivenöl,2,A
basilikum--mozzarella,basilikum,mozzarella,1,A
basilikum--tomate,basilikum,tomate,1,A
basilikum--ravioli,basilikum,ravioli,1,A
basilikum--knoblauch,basilikum,knoblauch,1,A
basilikum--pfeffer,basilikum,pfeffer,1,A
basilikum--weißwein,basilikum,weißwein,1,A
basilikum--hefe,basilikum,hefe,1,A
basilikum--streuwürze,basilikum,streuwürze,1,A
basilikum--weizenmehl,basilikum,weizenmehl,1,A
brot--zwetschge,brot,zwetschge,1,A
brot--muskat,brot,muskat,1,A
brot--zwiebel,brot,zwiebel,3,A
brot--gewürzgurke,brot,gewürzgurke,1,A
brot--weinbrand,brot,weinbrand,1,A
brot--gans,brot,gans,1,A
bratwurst--brot,brot,bratwurst,1,A
brot--lorbeer,brot,lorbeer,1,A
brot--schinken,brot,schinken,2,A
brot--pfeffer,brot,pfeffer,4,A
brot--fleischbrühe,brot,fleischbrühe,4,A
brot--weizenmehl,brot,weizenmehl,3,A
apfel--brot,brot,apfel,1,A
brot--essig,brot,essig,1,A
brot--sahne,brot,sahne,1,A
brot--zucker,brot,zucker,1,A
brot--hackfleisch,brot,hackfleisch,1,A
brot--marone,brot,marone,1,A
brot--kirschen,brot,kirschen,1,A
brot--tomate,brot,tomate,1,A
ananas--brot,brot,ananas,1,A
brot--knoblauch,brot,knoblauch,1,A
brot--wacholder,brot,wacholder,1,A
brot--schnittlauch,brot,schnittlauch,2,A
brot--ei,brot,ei,4,A
brot--spinat,brot,spinat,1,A
brot--butter,brot,butter,2,A
brot--zimt,brot,zimt,1,A
gemüsemischung--karotte,gemüsemischung,karotte,1,A
gemüsemischung--pflanzenfett,gemüsemischung,pflanzenfett,1,A
gemüsemischung--kaninchen,gemüsemischung,kaninchen,1,A
gemüsemischung--zwiebel,gemüsemischung,zwiebel,1,A
gemüsemischung--speck,gemüsemischung,speck,1,A
gemüsemischung--lorbeer,gemüsemischung,lorbeer,1,A
gemüsemischung--pfeffer,gemüsemischung,pfeffer,1,A
gemüsemischung--rosmarin,gemüsemischung,rosmarin,1,A
gemüsemischung--weizenmehl,gemüsemischung,weizenmehl,1,A
gemüsemischung--koriander,gemüsemischung,koriander,1,A
gemüsemischung--wacholder,gemüsemischung,wacholder,1,A
gemüsemischung--knollensellerie,gemüsemischung,knollensellerie,1,A
gemüsemischung--rotwein,gemüsemischung,rotwein,1,A
gemüsemischung--tomatenmark,gemüsemischung,tomatenmark,1,A
gemüsemischung--pfifferlinge,gemüsemischung,pfifferlinge,1,A
essig--rote_bete,rote_bete,essig,1,A
pfeffer--rote_bete,rote_bete,pfeffer,1,A
muskat--rote_bete,rote_bete,muskat,1,A
rote_bete--zwiebel,rote_bete,zwiebel,1,A
muskat--senf,senf,muskat,1,A
senf--zwiebel,senf,zwiebel,3,A
milch--senf,senf,milch,1,A
karotte--senf,senf,karotte,1,A
lauch--senf,senf,lauch,1,A
senf--speck,senf,speck,1,A
pfeffer--senf,senf,pfeffer,5,A
senf--wurst,senf,wurst,1,A
mayonnaise--senf,senf,mayonnaise,1,A
senf--wein,senf,wein,1,A
fleischbrühe--senf,senf,fleischbrühe,1,A
rosmarin--senf,senf,rosmarin,1,A
apfel--senf,senf,apfel,1,A
senf--stärke,senf,stärke,1,A
majoran--senf,senf,majoran,1,A
sahne--senf,senf,sahne,1,A
petersilie--senf,senf,petersilie,1,A
senf--zucker,senf,zucker,3,A
essig--senf,senf,essig,1,A
gurke--senf,senf,gurke,1,A
olivenöl--senf,senf,olivenöl,1,A
kartoffel--senf,senf,kartoffel,1,A
knollensellerie--senf,senf,knollensellerie,2,A
radieschen--senf,senf,radieschen,1,A
limburger--senf,senf,limburger,1,A
rotwein--senf,senf,rotwein,1,A
schnittlauch--senf,senf,schnittlauch,3,A
ei--senf,senf,ei,3,A
brühe--senf,senf,brühe,1,A
reis--rindfleisch,reis,rindfleisch,2,A
reis--zwiebel,reis,zwiebel,4,A
lammfleisch--reis,reis,lammfleisch,1,A
karotte--reis,reis,karotte,1,A
lauch--reis,reis,lauch,1,A
reis--speck,reis,speck,1,A
fleisch--reis,reis,fleisch,1,A
pfeffer--reis,reis,pfeffer,2,A
reis--suppengemüse,reis,suppengemüse,1,A
fleischbrühe--reis,reis,fleischbrühe,2,A
reis--weizenmehl,reis,weizenmehl,1,A
reis--schweinefleisch,reis,schweinefleisch,1,A
reis--schmalz,reis,schmalz,1,A
petersilie--reis,reis,petersilie,2,A
essig--reis,reis,essig,1,A
reis--tomate,reis,tomate,1,A
knoblauch--reis,reis,knoblauch,1,A
kartoffel--reis,reis,kartoffel,1,A
paprika--reis,reis,paprika,3,A
knollensellerie--reis,reis,knollensellerie,1,A
käse--reis,reis,käse,1,A
reis--tomatenmark,reis,tomatenmark,1,A
butter--reis,reis,butter,1,A
pfeffer--weißwein,pfeffer,weißwein,1,A
pfeffer--weizenmehl,pfeffer,weizenmehl,11,A
pfeffer--salat,pfeffer,salat,1,A
koriander--pfeffer,pfeffer,koriander,1,A
paniermehl--pfeffer,pfeffer,paniermehl,1,A
olivenöl--pfeffer,pfeffer,olivenöl,5,A
knoblauch--pfeffer,pfeffer,knoblauch,9,A
paprika--pfeffer,pfeffer,paprika,3,A
nelke--pfeffer,pfeffer,nelke,3,A
haferflocken--pfeffer,pfeffer,haferflocken,1,A
estragon--pfeffer,pfeffer,estragon,1,A
leber--pfeffer,pfeffer,leber,1,A
pfeffer--sauerkraut,pfeffer,sauerkraut,2,A
pfeffer--zwiebel,pfeffer,zwiebel,35,A
lammfleisch--pfeffer,pfeffer,lammfleisch,2,A
kalbfleisch--pfeffer,pfeffer,kalbfleisch,2,A
pfeffer--weinbrand,pfeffer,weinbrand,3,A
pfeffer--pilze,pfeffer,pilze,1,A
lorbeer--pfeffer,pfeffer,lorbeer,15,A
madeira--pfeffer,pfeffer,madeira,1,A
pfeffer--schweineschmalz,pfeffer,schweineschmalz,1,A
pfeffer--rosmarin,pfeffer,rosmarin,3,A
pfeffer--stärke,pfeffer,stärke,3,A
pfeffer--zucker,pfeffer,zucker,5,A
pfeffer--tomate,pfeffer,tomate,6,A
maggi--pfeffer,pfeffer,maggi,1,A
pfeffer--weißbrot,pfeffer,weißbrot,3,A
pfeffer--rotwein,pfeffer,rotwein,9,A
pfeffer--zitronenmelisse,pfeffer,zitronenmelisse,1,A
pfeffer--wildschwein,pfeffer,wildschwein,2,A
linsen--pfeffer,pfeffer,linsen,1,A
pfeffer--zwetschge,pfeffer,zwetschge,1,A
pfeffer--ravioli,pfeffer,ravioli,1,A
pfeffer--speck,pfeffer,speck,12,A
curry--pfeffer,pfeffer,curry,2,A
fleisch--pfeffer,pfeffer,fleisch,3,A
orangenschale--pfeffer,pfeffer,orangenschale,2,A
pfeffer--schinken,pfeffer,schinken,4,A
pfeffer--schweinefleisch,pfeffer,schweinefleisch,2,A
pfeffer--schmalz,pfeffer,schmalz,3,A
majoran--pfeffer,pfeffer,majoran,6,A
marone--pfeffer,pfeffer,marone,1,A
kohlrabi--pfeffer,pfeffer,kohlrabi,1,A
pfeffer--zitrone,pfeffer,zitrone,6,A
pfeffer--tabasco,pfeffer,tabasco,1,A
orangenlikör--pfeffer,pfeffer,orangenlikör,1,A
kompott--pfeffer,pfeffer,kompott,1,A
oregano--pfeffer,pfeffer,oregano,2,A
butterschmalz--pfeffer,pfeffer,butterschmalz,1,A
pfeffer--suppenwürze,pfeffer,suppenwürze,1,A
bohnenkraut--pfeffer,pfeffer,bohnenkraut,2,A
pfeffer--schnittlauch,pfeffer,schnittlauch,7,A
pfeffer--zicklein,pfeffer,zicklein,1,A
pfeffer--piment,pfeffer,piment,1,A
kümmel--pfeffer,pfeffer,kümmel,1,A
brühe--pfeffer,pfeffer,brühe,1,A
kräuter--pfeffer,pfeffer,kräuter,1,A
gewürzgurke--pfeffer,pfeffer,gewürzgurke,3,A
hering--pfeffer,pfeffer,hering,3,A
pfeffer--wein,pfeffer,wein,2,A
fleischbrühe--pfeffer,pfeffer,fleischbrühe,11,A
apfel--pfeffer,pfeffer,apfel,4,A
pfeffer--zucchini,pfeffer,zucchini,1,A
löwenzahn--pfeffer,pfeffer,löwenzahn,1,A
käse--pfeffer,pfeffer,käse,3,A
pfeffer--schmand,pfeffer,schmand,1,A
pfeffer--schweinemett,pfeffer,schweinemett,1,A
gans--pfeffer,pfeffer,gans,1,A
pfeffer--räucherspeck,pfeffer,räucherspeck,1,A
knochen--pfeffer,pfeffer,knochen,2,A
hase--pfeffer,pfeffer,hase,1,A
erbsen--pfeffer,pfeffer,erbsen,1,A
orange--pfeffer,pfeffer,orange,1,A
hühnerbrühe--pfeffer,pfeffer,hühnerbrühe,1,A
pfeffer--radieschen,pfeffer,radieschen,1,A
limburger--pfeffer,pfeffer,limburger,1,A
orangensaft--pfeffer,pfeffer,orangensaft,1,A
gemüsebrühe--pfeffer,pfeffer,gemüsebrühe,4,A
pfeffer--weißweinessig,pfeffer,weißweinessig,1,A
pfeffer--senfsamen,pfeffer,senfsamen,1,A
pfeffer--rindfleisch,pfeffer,rindfleisch,5,A
pfeffer--rehundhirsch,pfeffer,rehundhirsch,2,A
pfeffer--pflanzenfett,pfeffer,pflanzenfett,5,A
ketchup--pfeffer,pfeffer,ketchup,1,A
dill--pfeffer,pfeffer,dill,2,A
paprikapulver--pfeffer,pfeffer,paprikapulver,1,A
obstessig--pfeffer,pfeffer,obstessig,1,A
liebstöckel--pfeffer,pfeffer,liebstöckel,1,A
essig--pfeffer,pfeffer,essig,9,A
blätterteig--pfeffer,pfeffer,blätterteig,1,A
butter--pfeffer,pfeffer,butter,9,A
matjes--pfeffer,pfeffer,matjes,1,A
kartoffel--pfeffer,pfeffer,kartoffel,8,A
bohnen--pfeffer,pfeffer,bohnen,1,A
milch--pfeffer,pfeffer,milch,4,A
lauch--pfeffer,pfeffer,lauch,6,A
pfeffer--suppengemüse,pfeffer,suppengemüse,6,A
pfeffer--wurst,pfeffer,wurst,3,A
kabeljau--pfeffer,pfeffer,kabeljau,1,A
pfeffer--sahne,pfeffer,sahne,14,A
gurke--pfeffer,pfeffer,gurke,4,A
cayennepfeffer--pfeffer,pfeffer,cayennepfeffer,2,A
blumenkohl--pfeffer,pfeffer,blumenkohl,1,A
hefewürze--pfeffer,pfeffer,hefewürze,1,A
knollensellerie--pfeffer,pfeffer,knollensellerie,10,A
bechamel--pfeffer,pfeffer,bechamel,1,A
pfeffer--thymian,pfeffer,thymian,4,A
pfeffer--tomatenmark,pfeffer,tomatenmark,5,A
pfeffer--pfifferlinge,pfeffer,pfifferlinge,3,A
pfeffer--zimt,pfeffer,zimt,1,A
muskat--pfeffer,pfeffer,muskat,10,A
karotte--pfeffer,pfeffer,karotte,7,A
kaninchen--pfeffer,pfeffer,kaninchen,1,A
ente--pfeffer,pfeffer,ente,1,A
bratwurst--pfeffer,pfeffer,bratwurst,1,A
mayonnaise--pfeffer,pfeffer,mayonnaise,2,A
pfeffer--streuwürze,pfeffer,streuwürze,1,A
petersilie--pfeffer,pfeffer,petersilie,7,A
hackfleisch--pfeffer,pfeffer,hackfleisch,2,A
pfeffer--wacholder,pfeffer,wacholder,9,A
champignon--pfeffer,pfeffer,champignon,2,A
ei--pfeffer,pfeffer,ei,14,A
pfeffer--spinat,pfeffer,spinat,2,A
herbes_de_provence--pfeffer,pfeffer,herbes_de_provence,1,A
grüne_bohnen--pfeffer,pfeffer,grüne_bohnen,2,A
lauchzwiebel--pfeffer,pfeffer,lauchzwiebel,1,A
fisch--pfeffer,pfeffer,fisch,2,A
olive--weißwein,weißwein,olive,2,A
mozzarella--weißwein,weißwein,mozzarella,3,A
weinbrand--weißwein,weißwein,weinbrand,1,A
kapern--weißwein,weißwein,kapern,1,A
lorbeer--weißwein,weißwein,lorbeer,1,A
suppengemüse--weißwein,weißwein,suppengemüse,1,A
schinken--weißwein,weißwein,schinken,2,A
krabben--weißwein,weißwein,krabben,1,A
knochen--weißwein,weißwein,knochen,1,A
fleischbrühe--weißwein,weißwein,fleischbrühe,1,A
weißwein--weizenmehl,weißwein,weizenmehl,5,A
stärke--weißwein,weißwein,stärke,1,A
sardelle--weißwein,weißwein,sardelle,1,A
fisch--weißwein,weißwein,fisch,1,A
olivenöl--weißwein,weißwein,olivenöl,5,A
tomate--weißwein,weißwein,tomate,4,A
knoblauch--weißwein,weißwein,knoblauch,1,A
champignon--weißwein,weißwein,champignon,2,A
oregano--weißwein,weißwein,oregano,3,A
nelke--weißwein,weißwein,nelke,1,A
tomatenmark--weißwein,weißwein,tomatenmark,1,A
hefe--weißwein,weißwein,hefe,5,A
tintenfisch--weißwein,weißwein,tintenfisch,1,A
muscheln--weißwein,weißwein,muscheln,1,A
grüne_bohnen--karotte,grüne_bohnen,karotte,1,A
grüne_bohnen--lauch,grüne_bohnen,lauch,1,A
grüne_bohnen--speck,grüne_bohnen,speck,1,A
grüne_bohnen--wurst,grüne_bohnen,wurst,1,A
fleischbrühe--grüne_bohnen,grüne_bohnen,fleischbrühe,1,A
grüne_bohnen--petersilie,grüne_bohnen,petersilie,1,A
essig--grüne_bohnen,grüne_bohnen,essig,1,A
grüne_bohnen--majoran,grüne_bohnen,majoran,1,A
grüne_bohnen--schmalz,grüne_bohnen,schmalz,1,A
grüne_bohnen--kohlrabi,grüne_bohnen,kohlrabi,1,A
blumenkohl--grüne_bohnen,grüne_bohnen,blumenkohl,1,A
grüne_bohnen--tomate,grüne_bohnen,tomate,1,A
grüne_bohnen--knollensellerie,grüne_bohnen,knollensellerie,1,A
grüne_bohnen--oregano,grüne_bohnen,oregano,1,A
bohnenkraut--grüne_bohnen,grüne_bohnen,bohnenkraut,1,A
grüne_bohnen--schnittlauch,grüne_bohnen,schnittlauch,1,A
gans--weizenmehl,weizenmehl,gans,1,A
hase--weizenmehl,weizenmehl,hase,1,A
erbsen--weizenmehl,weizenmehl,erbsen,1,A
koriander--weizenmehl,weizenmehl,koriander,1,A
orange--weizenmehl,weizenmehl,orange,1,A
paniermehl--weizenmehl,weizenmehl,paniermehl,1,A
olivenöl--weizenmehl,weizenmehl,olivenöl,5,A
knoblauch--weizenmehl,weizenmehl,knoblauch,4,A
niere--weizenmehl,weizenmehl,niere,1,A
paprika--weizenmehl,weizenmehl,paprika,1,A
hühnerbrühe--weizenmehl,weizenmehl,hühnerbrühe,1,A
nelke--weizenmehl,weizenmehl,nelke,1,A
orangensaft--weizenmehl,weizenmehl,orangensaft,1,A
gemüsebrühe--weizenmehl,weizenmehl,gemüsebrühe,2,A
estragon--weizenmehl,weizenmehl,estragon,2,A
weißweinessig--weizenmehl,weizenmehl,weißweinessig,1,A
ohren--weizenmehl,weizenmehl,ohren,1,A
kapern--weizenmehl,weizenmehl,kapern,1,A
senfsamen--weizenmehl,weizenmehl,senfsamen,1,A
rindfleisch--weizenmehl,weizenmehl,rindfleisch,1,A
weizenmehl--zwiebel,weizenmehl,zwiebel,8,A
lammfleisch--weizenmehl,weizenmehl,lammfleisch,1,A
pflanzenfett--weizenmehl,weizenmehl,pflanzenfett,4,A
kalbfleisch--weizenmehl,weizenmehl,kalbfleisch,1,A
weinbrand--weizenmehl,weizenmehl,weinbrand,1,A
lorbeer--weizenmehl,weizenmehl,lorbeer,7,A
obstessig--weizenmehl,weizenmehl,obstessig,1,A
schnauze--weizenmehl,weizenmehl,schnauze,1,A
rosmarin--weizenmehl,weizenmehl,rosmarin,1,A
essig--weizenmehl,weizenmehl,essig,4,A
weizenmehl--zucker,weizenmehl,zucker,4,A
sardelle--weizenmehl,weizenmehl,sardelle,1,A
butter--weizenmehl,weizenmehl,butter,4,A
tomate--weizenmehl,weizenmehl,tomate,4,A
spargel--weizenmehl,weizenmehl,spargel,1,A
petersilienwurzel--weizenmehl,weizenmehl,petersilienwurzel,1,A
rotwein--weizenmehl,weizenmehl,rotwein,4,A
weizenmehl--zitronenmelisse,weizenmehl,zitronenmelisse,1,A
weizenmehl--wildschwein,weizenmehl,wildschwein,1,A
bier--weizenmehl,weizenmehl,bier,1,A
weizenmehl--zwetschge,weizenmehl,zwetschge,1,A
lauch--weizenmehl,weizenmehl,lauch,2,A
olive--weizenmehl,weizenmehl,olive,2,A
speck--weizenmehl,weizenmehl,speck,2,A
orangenschale--weizenmehl,weizenmehl,orangenschale,1,A
schinken--weizenmehl,weizenmehl,schinken,2,A
suppengemüse--weizenmehl,weizenmehl,suppengemüse,1,A
birne--weizenmehl,weizenmehl,birne,1,A
schweinefleisch--weizenmehl,weizenmehl,schweinefleisch,1,A
schmalz--weizenmehl,weizenmehl,schmalz,1,A
majoran--weizenmehl,weizenmehl,majoran,2,A
sahne--weizenmehl,weizenmehl,sahne,5,A
marone--weizenmehl,weizenmehl,marone,1,A
weizenmehl--zitrone,weizenmehl,zitrone,3,A
orangenlikör--weizenmehl,weizenmehl,orangenlikör,1,A
suppenwürze--weizenmehl,weizenmehl,suppenwürze,2,A
oregano--weizenmehl,weizenmehl,oregano,3,A
butterschmalz--weizenmehl,weizenmehl,butterschmalz,1,A
knollensellerie--weizenmehl,weizenmehl,knollensellerie,3,A
schnittlauch--weizenmehl,weizenmehl,schnittlauch,1,A
steckrübe--weizenmehl,weizenmehl,steckrübe,1,A
thymian--weizenmehl,weizenmehl,thymian,2,A
tomatenmark--weizenmehl,weizenmehl,tomatenmark,2,A
pfifferlinge--weizenmehl,weizenmehl,pfifferlinge,1,A
piment--weizenmehl,weizenmehl,piment,1,A
tintenfisch--weizenmehl,weizenmehl,tintenfisch,1,A
muscheln--weizenmehl,weizenmehl,muscheln,1,A
weizenmehl--zimt,weizenmehl,zimt,1,A
muskat--weizenmehl,weizenmehl,muskat,3,A
kaninchen--weizenmehl,weizenmehl,kaninchen,1,A
karotte--weizenmehl,weizenmehl,karotte,1,A
gewürzgurke--weizenmehl,weizenmehl,gewürzgurke,1,A
mozzarella--weizenmehl,weizenmehl,mozzarella,3,A
tomatensauce--weizenmehl,weizenmehl,tomatensauce,1,A
hering--weizenmehl,weizenmehl,hering,2,A
herbes_de_provence--weizenmehl,weizenmehl,herbes_de_provence,1,A
bratwurst--weizenmehl,weizenmehl,bratwurst,1,A
aal--weizenmehl,weizenmehl,aal,1,A
krabben--weizenmehl,weizenmehl,krabben,1,A
fleischbrühe--weizenmehl,weizenmehl,fleischbrühe,3,A
backpflaume--weizenmehl,weizenmehl,backpflaume,1,A
apfel--weizenmehl,weizenmehl,apfel,2,A
petersilie--weizenmehl,weizenmehl,petersilie,3,A
hackfleisch--weizenmehl,weizenmehl,hackfleisch,1,A
wacholder--weizenmehl,weizenmehl,wacholder,5,A
champignon--weizenmehl,weizenmehl,champignon,1,A
blut--weizenmehl,weizenmehl,blut,1,A
kalbskopf--weizenmehl,weizenmehl,kalbskopf,1,A
spinat--weizenmehl,weizenmehl,spinat,1,A
pfoten--weizenmehl,weizenmehl,pfoten,1,A
ei--weizenmehl,weizenmehl,ei,5,A
hefe--weizenmehl,weizenmehl,hefe,5,A
fisch--weizenmehl,weizenmehl,fisch,1,A
sahne--salat,salat,sahne,1,A
fisch--salat,salat,fisch,1,A
gurke--salat,salat,gurke,1,A
salat--tomate,salat,tomate,1,A
salat--zitrone,salat,zitrone,1,A
dill--salat,salat,dill,1,A
curry--salat,salat,curry,1,A
mayonnaise--salat,salat,mayonnaise,1,A
karotte--koriander,koriander,karotte,1,A
koriander--pflanzenfett,koriander,pflanzenfett,1,A
kaninchen--koriander,koriander,kaninchen,1,A
koriander--zwiebel,koriander,zwiebel,1,A
koriander--speck,koriander,speck,1,A
koriander--lorbeer,koriander,lorbeer,1,A
koriander--rosmarin,koriander,rosmarin,1,A
koriander--wacholder,koriander,wacholder,1,A
knollensellerie--koriander,koriander,knollensellerie,1,A
koriander--rotwein,koriander,rotwein,1,A
koriander--tomatenmark,koriander,tomatenmark,1,A
koriander--pfifferlinge,koriander,pfifferlinge,1,A
paniermehl--sahne,paniermehl,sahne,1,A
paniermehl--zwiebel,paniermehl,zwiebel,1,A
paniermehl--sauerkraut,paniermehl,sauerkraut,1,A
kalbfleisch--paniermehl,paniermehl,kalbfleisch,1,A
paniermehl--zitrone,paniermehl,zitrone,1,A
hering--paniermehl,paniermehl,hering,1,A
ei--paniermehl,paniermehl,ei,1,A
paniermehl--stockfisch,paniermehl,stockfisch,1,A
butter--paniermehl,paniermehl,butter,1,A
lauch--olivenöl,olivenöl,lauch,1,A
olive--olivenöl,olivenöl,olive,2,A
olivenöl--speck,olivenöl,speck,1,A
olivenöl--ravioli,olivenöl,ravioli,1,A
olivenöl--schinken,olivenöl,schinken,2,A
olivenöl--schweinefleisch,olivenöl,schweinefleisch,1,A
majoran--olivenöl,olivenöl,majoran,1,A
fisch--olivenöl,olivenöl,fisch,1,A
gurke--olivenöl,olivenöl,gurke,1,A
olivenöl--zitrone,olivenöl,zitrone,1,A
knoblauch--olivenöl,olivenöl,knoblauch,4,A
olivenöl--tabasco,olivenöl,tabasco,1,A
kompott--olivenöl,olivenöl,kompott,1,A
olivenöl--oregano,olivenöl,oregano,3,A
knollensellerie--olivenöl,olivenöl,knollensellerie,1,A
olivenöl--thymian,olivenöl,thymian,1,A
olivenöl--tomatenmark,olivenöl,tomatenmark,1,A
olivenöl--tintenfisch,olivenöl,tintenfisch,1,A
muscheln--olivenöl,olivenöl,muscheln,1,A
kapern--olivenöl,olivenöl,kapern,1,A
olivenöl--rindfleisch,olivenöl,rindfleisch,1,A
olivenöl--rehundhirsch,olivenöl,rehundhirsch,1,A
olivenöl--zwiebel,olivenöl,zwiebel,2,A
karotte--olivenöl,olivenöl,karotte,1,A
mozzarella--olivenöl,olivenöl,mozzarella,3,A
olivenöl--weinbrand,olivenöl,weinbrand,1,A
dill--olivenöl,olivenöl,dill,1,A
olivenöl--paprikapulver,olivenöl,paprikapulver,1,A
krabben--olivenöl,olivenöl,krabben,1,A
olivenöl--wein,olivenöl,wein,1,A
olivenöl--streuwürze,olivenöl,streuwürze,1,A
olivenöl--rosmarin,olivenöl,rosmarin,2,A
olivenöl--stärke,olivenöl,stärke,1,A
olivenöl--petersilie,olivenöl,petersilie,1,A
olivenöl--sardelle,olivenöl,sardelle,1,A
olivenöl--zucchini,olivenöl,zucchini,1,A
olivenöl--tomate,olivenöl,tomate,4,A
champignon--olivenöl,olivenöl,champignon,1,A
kartoffel--olivenöl,olivenöl,kartoffel,1,A
olivenöl--rotwein,olivenöl,rotwein,2,A
hefe--olivenöl,olivenöl,hefe,5,A
ei--olivenöl,olivenöl,ei,1,A
lauchzwiebel--olivenöl,olivenöl,lauchzwiebel,1,A
brühe--olivenöl,olivenöl,brühe,1,A
ananas--kirschen,kirschen,ananas,1,A
kirschen--schinken,kirschen,schinken,1,A
knoblauch--ravioli,knoblauch,ravioli,1,A
knoblauch--speck,knoblauch,speck,2,A
knoblauch--suppengemüse,knoblauch,suppengemüse,1,A
knoblauch--schinken,knoblauch,schinken,1,A
knoblauch--schweinefleisch,knoblauch,schweinefleisch,1,A
knoblauch--majoran,knoblauch,majoran,1,A
knoblauch--sahne,knoblauch,sahne,2,A
knoblauch--tabasco,knoblauch,tabasco,1,A
knoblauch--paprika,knoblauch,paprika,1,A
knoblauch--kompott,knoblauch,kompott,1,A
knoblauch--oregano,knoblauch,oregano,1,A
knoblauch--thymian,knoblauch,thymian,2,A
knoblauch--tomatenmark,knoblauch,tomatenmark,1,A
knoblauch--zicklein,knoblauch,zicklein,1,A
knoblauch--rindfleisch,knoblauch,rindfleisch,2,A
knoblauch--rehundhirsch,knoblauch,rehundhirsch,1,A
knoblauch--muskat,knoblauch,muskat,1,A
knoblauch--zwiebel,knoblauch,zwiebel,5,A
knoblauch--lammfleisch,knoblauch,lammfleisch,1,A
knoblauch--weinbrand,knoblauch,weinbrand,1,A
knoblauch--paprikapulver,knoblauch,paprikapulver,1,A
knoblauch--lorbeer,knoblauch,lorbeer,3,A
knoblauch--streuwürze,knoblauch,streuwürze,1,A
fleischbrühe--knoblauch,knoblauch,fleischbrühe,2,A
knoblauch--rosmarin,knoblauch,rosmarin,1,A
essig--knoblauch,knoblauch,essig,3,A
blätterteig--knoblauch,knoblauch,blätterteig,1,A
knoblauch--zucchini,knoblauch,zucchini,1,A
knoblauch--tomate,knoblauch,tomate,1,A
knoblauch--wacholder,knoblauch,wacholder,1,A
knoblauch--weißbrot,knoblauch,weißbrot,1,A
knoblauch--rotwein,knoblauch,rotwein,2,A
käse--knoblauch,knoblauch,käse,1,A
ei--knoblauch,knoblauch,ei,4,A
knoblauch--spinat,knoblauch,spinat,1,A
hefe--knoblauch,knoblauch,hefe,1,A
butter--knoblauch,knoblauch,butter,3,A
fleisch--paprika,paprika,fleisch,1,A
paprika--suppengemüse,paprika,suppengemüse,1,A
paprika--schweinefleisch,paprika,schweinefleisch,1,A
paprika--schmalz,paprika,schmalz,1,A
hefewürze--paprika,paprika,hefewürze,1,A
knollensellerie--paprika,paprika,knollensellerie,1,A
oregano--paprika,paprika,oregano,1,A
gemüsebrühe--paprika,paprika,gemüsebrühe,1,A
paprika--tomatenmark,paprika,tomatenmark,2,A
paprika--rindfleisch,paprika,rindfleisch,1,A
paprika--rehundhirsch,paprika,rehundhirsch,1,A
kräuter--paprika,paprika,kräuter,1,A
paprika--zwiebel,paprika,zwiebel,5,A
paprika--pflanzenfett,paprika,pflanzenfett,1,A
karotte--paprika,paprika,karotte,1,A
lammfleisch--paprika,paprika,lammfleisch,1,A
paprika--pilze,paprika,pilze,1,A
lorbeer--paprika,paprika,lorbeer,1,A
fleischbrühe--paprika,paprika,fleischbrühe,1,A
paprika--petersilie,paprika,petersilie,1,A
essig--paprika,paprika,essig,1,A
hackfleisch--paprika,paprika,hackfleisch,1,A
paprika--tomate,paprika,tomate,1,A
paprika--wacholder,paprika,wacholder,1,A
paprika--rotwein,paprika,rotwein,1,A
käse--paprika,paprika,käse,2,A
butter--paprika,paprika,butter,1,A
muskat--nelke,nelke,muskat,1,A
nelke--zwiebel,nelke,zwiebel,2,A
nelke--weinbrand,nelke,weinbrand,1,A
fleisch--nelke,nelke,fleisch,1,A
lorbeer--nelke,nelke,lorbeer,3,A
nelke--orangenschale,nelke,orangenschale,1,A
nelke--suppengemüse,nelke,suppengemüse,2,A
nelke--schinken,nelke,schinken,1,A
nelke--pfifferlinge,nelke,pfifferlinge,1,A
knochen--nelke,nelke,knochen,2,A
madeira--nelke,nelke,madeira,1,A
fleischbrühe--nelke,nelke,fleischbrühe,2,A
nelke--schweinefleisch,nelke,schweinefleisch,1,A
nelke--schmalz,nelke,schmalz,1,A
nelke--stärke,nelke,stärke,1,A
nelke--sahne,nelke,sahne,1,A
cayennepfeffer--nelke,nelke,cayennepfeffer,1,A
nelke--wacholder,nelke,wacholder,2,A
champignon--nelke,nelke,champignon,1,A
nelke--rotwein,nelke,rotwein,1,A
gemüsebrühe--nelke,nelke,gemüsebrühe,1,A
nelke--tomatenmark,nelke,tomatenmark,1,A
haferflocken--nelke,nelke,haferflocken,1,A
nelke--thymian,nelke,thymian,1,A
ei--nelke,nelke,ei,1,A
nelke--piment,nelke,piment,1,A
haferflocken--muskat,haferflocken,muskat,1,A
haferflocken--pflanzenfett,haferflocken,pflanzenfett,1,A
haferflocken--zwiebel,haferflocken,zwiebel,2,A
fleisch--haferflocken,haferflocken,fleisch,1,A
haferflocken--lorbeer,haferflocken,lorbeer,1,A
haferflocken--orangenschale,haferflocken,orangenschale,1,A
haferflocken--suppengemüse,haferflocken,suppengemüse,2,A
haferflocken--madeira,haferflocken,madeira,1,A
haferflocken--knochen,haferflocken,knochen,1,A
haferflocken--petersilie,haferflocken,petersilie,1,A
haferflocken--sahne,haferflocken,sahne,1,A
cayennepfeffer--haferflocken,haferflocken,cayennepfeffer,1,A
haferflocken--wacholder,haferflocken,wacholder,1,A
gemüsebrühe--haferflocken,haferflocken,gemüsebrühe,1,A
haferflocken--pfifferlinge,haferflocken,pfifferlinge,1,A
ei--haferflocken,haferflocken,ei,2,A
haferflocken--piment,haferflocken,piment,1,A
estragon--zwiebel,estragon,zwiebel,1,A
estragon--pflanzenfett,estragon,pflanzenfett,1,A
estragon--lauch,estragon,lauch,1,A
estragon--gewürzgurke,estragon,gewürzgurke,1,A
estragon--hering,estragon,hering,1,A
estragon--lorbeer,estragon,lorbeer,2,A
aal--estragon,estragon,aal,1,A
estragon--schinken,estragon,schinken,1,A
erbsen--estragon,estragon,erbsen,1,A
birne--estragon,estragon,birne,1,A
estragon--petersilie,estragon,petersilie,1,A
estragon--majoran,estragon,majoran,1,A
essig--estragon,estragon,essig,1,A
estragon--zucker,estragon,zucker,2,A
estragon--wacholder,estragon,wacholder,1,A
estragon--knollensellerie,estragon,knollensellerie,1,A
estragon--petersilienwurzel,estragon,petersilienwurzel,1,A
estragon--steckrübe,estragon,steckrübe,1,A
estragon--thymian,estragon,thymian,1,A
estragon--weißweinessig,estragon,weißweinessig,1,A
leber--zwiebel,leber,zwiebel,1,A
kalbfleisch--leber,leber,kalbfleisch,1,A
leber--zitrone,leber,zitrone,1,A
curry--leber,leber,curry,1,A
champignon--leber,leber,champignon,1,A
leber--weißbrot,leber,weißbrot,1,A
leber--räucherspeck,leber,räucherspeck,1,A
bechamel--leber,leber,bechamel,1,A
ei--leber,leber,ei,1,A
butter--leber,leber,butter,1,A
muskat--sauerkraut,sauerkraut,muskat,1,A
sauerkraut--zwiebel,sauerkraut,zwiebel,3,A
hering--sauerkraut,sauerkraut,hering,1,A
lorbeer--sauerkraut,sauerkraut,lorbeer,2,A
sauerkraut--suppengemüse,sauerkraut,suppengemüse,2,A
sauerkraut--schweineschmalz,sauerkraut,schweineschmalz,1,A
fleischbrühe--sauerkraut,sauerkraut,fleischbrühe,1,A
sauerkraut--stockfisch,sauerkraut,stockfisch,1,A
erbsen--sauerkraut,sauerkraut,erbsen,1,A
sauerkraut--schweinefleisch,sauerkraut,schweinefleisch,1,A
sauerkraut--schmalz,sauerkraut,schmalz,1,A
sahne--sauerkraut,sauerkraut,sahne,2,A
maggi--sauerkraut,sauerkraut,maggi,1,A
sauerkraut--wacholder,sauerkraut,wacholder,2,A
leberwurst--sauerkraut,sauerkraut,leberwurst,1,A
blutwurst--sauerkraut,sauerkraut,blutwurst,1,A
kümmel--sauerkraut,sauerkraut,kümmel,2,A
kapern--sardelle,kapern,sardelle,1,A
kapern--tomate,kapern,tomate,1,A
kapern--mozzarella,kapern,mozzarella,1,A
kapern--olive,kapern,olive,1,A
kapern--oregano,kapern,oregano,1,A
hefe--kapern,kapern,hefe,1,A
honig--schinken,honig,schinken,1,A
honig--spargel,honig,spargel,1,A
honig--petersilie,honig,petersilie,1,A
schweinemett--zwiebel,zwiebel,schweinemett,1,A
räucherspeck--zwiebel,zwiebel,räucherspeck,1,A
knochen--zwiebel,zwiebel,knochen,1,A
hühnerbrühe--zwiebel,zwiebel,hühnerbrühe,1,A
radieschen--zwiebel,zwiebel,radieschen,1,A
gemüsebrühe--zwiebel,zwiebel,gemüsebrühe,2,A
weißweinessig--zwiebel,zwiebel,weißweinessig,1,A
rindfleisch--zwiebel,zwiebel,rindfleisch,4,A
rehundhirsch--zwiebel,zwiebel,rehundhirsch,2,A
lammfleisch--zwiebel,zwiebel,lammfleisch,3,A
pflanzenfett--zwiebel,zwiebel,pflanzenfett,5,A
kalbfleisch--zwiebel,zwiebel,kalbfleisch,1,A
weinbrand--zwiebel,zwiebel,weinbrand,1,A
pilze--zwiebel,zwiebel,pilze,1,A
ketchup--zwiebel,zwiebel,ketchup,1,A
lorbeer--zwiebel,zwiebel,lorbeer,14,A
madeira--zwiebel,zwiebel,madeira,1,A
schweineschmalz--zwiebel,zwiebel,schweineschmalz,2,A
spinat--zwiebel,zwiebel,spinat,1,A
stockfisch--zwiebel,zwiebel,stockfisch,1,A
rosmarin--zwiebel,zwiebel,rosmarin,3,A
stärke--zwiebel,zwiebel,stärke,2,A
essig--zwiebel,zwiebel,essig,7,A
zucker--zwiebel,zwiebel,zucker,2,A
butter--zwiebel,zwiebel,butter,5,A
tomate--zwiebel,zwiebel,tomate,3,A
maggi--zwiebel,zwiebel,maggi,2,A
matjes--zwiebel,zwiebel,matjes,1,A
kartoffel--zwiebel,zwiebel,kartoffel,7,A
weißbrot--zwiebel,zwiebel,weißbrot,3,A
bohnen--zwiebel,zwiebel,bohnen,1,A
rotwein--zwiebel,zwiebel,rotwein,8,A
wildschwein--zwiebel,zwiebel,wildschwein,2,A
linsen--zwiebel,zwiebel,linsen,1,A
milch--zwiebel,zwiebel,milch,2,A
lauch--zwiebel,zwiebel,lauch,4,A
speck--zwiebel,zwiebel,speck,9,A
curry--zwiebel,zwiebel,curry,1,A
fleisch--zwiebel,zwiebel,fleisch,3,A
orangenschale--zwiebel,zwiebel,orangenschale,1,A
suppengemüse--zwiebel,zwiebel,suppengemüse,7,A
wurst--zwiebel,zwiebel,wurst,2,A
schweinefleisch--zwiebel,zwiebel,schweinefleisch,3,A
nudeln--zwiebel,zwiebel,nudeln,1,A
kabeljau--zwiebel,zwiebel,kabeljau,1,A
schmalz--zwiebel,zwiebel,schmalz,4,A
majoran--zwiebel,zwiebel,majoran,4,A
sahne--zwiebel,zwiebel,sahne,11,A
fisch--zwiebel,zwiebel,fisch,1,A
gurke--zwiebel,zwiebel,gurke,1,A
cayennepfeffer--zwiebel,zwiebel,cayennepfeffer,2,A
zitrone--zwiebel,zwiebel,zitrone,3,A
hefewürze--zwiebel,zwiebel,hefewürze,1,A
kompott--zwiebel,zwiebel,kompott,1,A
oregano--zwiebel,zwiebel,oregano,1,A
butterschmalz--zwiebel,zwiebel,butterschmalz,1,A
knollensellerie--zwiebel,zwiebel,knollensellerie,9,A
bohnenkraut--zwiebel,zwiebel,bohnenkraut,1,A
schnittlauch--zwiebel,zwiebel,schnittlauch,5,A
bechamel--zwiebel,zwiebel,bechamel,1,A
thymian--zwiebel,zwiebel,thymian,4,A
tomatenmark--zwiebel,zwiebel,tomatenmark,5,A
pfifferlinge--zwiebel,zwiebel,pfifferlinge,3,A
zicklein--zwiebel,zwiebel,zicklein,1,A
piment--zwiebel,zwiebel,piment,1,A
blutwurst--zwiebel,zwiebel,blutwurst,2,A
kümmel--zwiebel,zwiebel,kümmel,2,A
kräuter--zwiebel,zwiebel,kräuter,1,A
muskat--zwiebel,zwiebel,muskat,5,A
karotte--zwiebel,zwiebel,karotte,6,A
kaninchen--zwiebel,zwiebel,kaninchen,1,A
gewürzgurke--zwiebel,zwiebel,gewürzgurke,2,A
ente--zwiebel,zwiebel,ente,1,A
hering--zwiebel,zwiebel,hering,5,A
bratwurst--zwiebel,zwiebel,bratwurst,1,A
wein--zwiebel,zwiebel,wein,2,A
fleischbrühe--zwiebel,zwiebel,fleischbrühe,11,A
apfel--zwiebel,zwiebel,apfel,3,A
petersilie--zwiebel,zwiebel,petersilie,9,A
hackfleisch--zwiebel,zwiebel,hackfleisch,3,A
wacholder--zwiebel,zwiebel,wacholder,10,A
champignon--zwiebel,zwiebel,champignon,1,A
käse--zwiebel,zwiebel,käse,4,A
ei--zwiebel,zwiebel,ei,8,A
leberwurst--zwiebel,zwiebel,leberwurst,2,A
schmand--zwiebel,zwiebel,schmand,1,A
brühe--zwiebel,zwiebel,brühe,3,A
lammfleisch--speck,lammfleisch,speck,1,A
fleischbrühe--lammfleisch,lammfleisch,fleischbrühe,1,A
lammfleisch--schmalz,lammfleisch,schmalz,1,A
lammfleisch--sahne,lammfleisch,sahne,1,A
kartoffel--lammfleisch,lammfleisch,kartoffel,1,A
bohnen--lammfleisch,lammfleisch,bohnen,1,A
lammfleisch--rotwein,lammfleisch,rotwein,1,A
bohnenkraut--lammfleisch,lammfleisch,bohnenkraut,1,A
käse--lammfleisch,lammfleisch,käse,1,A
lammfleisch--tomatenmark,lammfleisch,tomatenmark,1,A
butter--lammfleisch,lammfleisch,butter,2,A
kalbfleisch--zitrone,kalbfleisch,zitrone,2,A
curry--kalbfleisch,kalbfleisch,curry,1,A
champignon--kalbfleisch,kalbfleisch,champignon,1,A
kalbfleisch--weißbrot,kalbfleisch,weißbrot,1,A
kalbfleisch--räucherspeck,kalbfleisch,räucherspeck,1,A
bechamel--kalbfleisch,kalbfleisch,bechamel,1,A
ei--kalbfleisch,kalbfleisch,ei,2,A
butter--kalbfleisch,kalbfleisch,butter,2,A
weinbrand--zwetschge,weinbrand,zwetschge,1,A
rehundhirsch--weinbrand,weinbrand,rehundhirsch,1,A
speck--weinbrand,weinbrand,speck,1,A
gans--weinbrand,weinbrand,gans,1,A
lorbeer--weinbrand,weinbrand,lorbeer,1,A
suppengemüse--weinbrand,weinbrand,suppengemüse,1,A
schinken--weinbrand,weinbrand,schinken,1,A
knochen--weinbrand,weinbrand,knochen,1,A
fleischbrühe--weinbrand,weinbrand,fleischbrühe,1,A
rosmarin--weinbrand,weinbrand,rosmarin,1,A
apfel--weinbrand,weinbrand,apfel,1,A
stärke--weinbrand,weinbrand,stärke,1,A
sahne--weinbrand,weinbrand,sahne,1,A
weinbrand--zucker,weinbrand,zucker,1,A
marone--weinbrand,weinbrand,marone,1,A
champignon--weinbrand,weinbrand,champignon,1,A
kompott--weinbrand,weinbrand,kompott,1,A
rotwein--weinbrand,weinbrand,rotwein,1,A
thymian--weinbrand,weinbrand,thymian,1,A
tomatenmark--weinbrand,weinbrand,tomatenmark,2,A
weinbrand--zimt,weinbrand,zimt,1,A
kräuter--pilze,pilze,kräuter,1,A
pilze--rehundhirsch,pilze,rehundhirsch,1,A
pflanzenfett--pilze,pilze,pflanzenfett,1,A
karotte--pilze,pilze,karotte,1,A
lorbeer--pilze,pilze,lorbeer,1,A
pilze--wacholder,pilze,wacholder,1,A
hefewürze--pilze,pilze,hefewürze,1,A
knollensellerie--pilze,pilze,knollensellerie,1,A
oregano--pilze,pilze,oregano,1,A
pilze--rotwein,pilze,rotwein,1,A
gemüsebrühe--pilze,pilze,gemüsebrühe,1,A
pilze--tomatenmark,pilze,tomatenmark,1,A
knochen--lorbeer,lorbeer,knochen,2,A
hase--lorbeer,lorbeer,hase,1,A
erbsen--lorbeer,lorbeer,erbsen,1,A
lorbeer--orange,lorbeer,orange,1,A
lorbeer--niere,lorbeer,niere,1,A
lorbeer--orangensaft,lorbeer,orangensaft,1,A
gemüsebrühe--lorbeer,lorbeer,gemüsebrühe,3,A
lorbeer--weißweinessig,lorbeer,weißweinessig,1,A
lorbeer--ohren,lorbeer,ohren,1,A
lorbeer--senfsamen,lorbeer,senfsamen,1,A
lorbeer--rehundhirsch,lorbeer,rehundhirsch,1,A
lorbeer--pflanzenfett,lorbeer,pflanzenfett,4,A
ketchup--lorbeer,lorbeer,ketchup,1,A
lorbeer--madeira,lorbeer,madeira,1,A
lorbeer--schweineschmalz,lorbeer,schweineschmalz,1,A
lorbeer--obstessig,lorbeer,obstessig,1,A
lorbeer--schnauze,lorbeer,schnauze,1,A
lorbeer--rosmarin,lorbeer,rosmarin,1,A
lorbeer--stärke,lorbeer,stärke,1,A
essig--lorbeer,lorbeer,essig,5,A
lorbeer--zucker,lorbeer,zucker,3,A
butter--lorbeer,lorbeer,butter,2,A
lorbeer--tomate,lorbeer,tomate,1,A
lorbeer--maggi,lorbeer,maggi,1,A
lorbeer--matjes,lorbeer,matjes,1,A
lorbeer--petersilienwurzel,lorbeer,petersilienwurzel,1,A
lorbeer--weißbrot,lorbeer,weißbrot,2,A
lorbeer--rotwein,lorbeer,rotwein,5,A
lorbeer--zitronenmelisse,lorbeer,zitronenmelisse,1,A
lorbeer--wildschwein,lorbeer,wildschwein,1,A
lorbeer--milch,lorbeer,milch,1,A
lauch--lorbeer,lorbeer,lauch,1,A
lorbeer--speck,lorbeer,speck,1,A
fleisch--lorbeer,lorbeer,fleisch,1,A
lorbeer--orangenschale,lorbeer,orangenschale,2,A
lorbeer--schinken,lorbeer,schinken,2,A
lorbeer--suppengemüse,lorbeer,suppengemüse,5,A
lorbeer--wurst,lorbeer,wurst,1,A
leberwurst--lorbeer,lorbeer,leberwurst,1,A
birne--lorbeer,lorbeer,birne,1,A
lorbeer--schweinefleisch,lorbeer,schweinefleisch,2,A
kabeljau--lorbeer,lorbeer,kabeljau,1,A
lorbeer--schmalz,lorbeer,schmalz,3,A
lorbeer--majoran,lorbeer,majoran,2,A
lorbeer--sahne,lorbeer,sahne,5,A
cayennepfeffer--lorbeer,lorbeer,cayennepfeffer,2,A
hefewürze--lorbeer,lorbeer,hefewürze,1,A
lorbeer--orangenlikör,lorbeer,orangenlikör,1,A
knollensellerie--lorbeer,lorbeer,knollensellerie,4,A
lorbeer--oregano,lorbeer,oregano,1,A
butterschmalz--lorbeer,lorbeer,butterschmalz,1,A
lorbeer--steckrübe,lorbeer,steckrübe,1,A
lorbeer--thymian,lorbeer,thymian,4,A
lorbeer--tomatenmark,lorbeer,tomatenmark,4,A
lorbeer--pfifferlinge,lorbeer,pfifferlinge,3,A
lorbeer--zicklein,lorbeer,zicklein,1,A
lorbeer--piment,lorbeer,piment,2,A
blutwurst--lorbeer,lorbeer,blutwurst,1,A
kümmel--lorbeer,lorbeer,kümmel,2,A
kräuter--lorbeer,lorbeer,kräuter,1,A
lorbeer--muskat,lorbeer,muskat,2,A
kaninchen--lorbeer,lorbeer,kaninchen,1,A
karotte--lorbeer,lorbeer,karotte,2,A
gewürzgurke--lorbeer,lorbeer,gewürzgurke,2,A
hering--lorbeer,lorbeer,hering,2,A
aal--lorbeer,lorbeer,aal,1,A
fleischbrühe--lorbeer,lorbeer,fleischbrühe,5,A
backpflaume--lorbeer,lorbeer,backpflaume,1,A
apfel--lorbeer,lorbeer,apfel,1,A
lorbeer--petersilie,lorbeer,petersilie,3,A
lorbeer--wacholder,lorbeer,wacholder,11,A
champignon--lorbeer,lorbeer,champignon,1,A
blut--lorbeer,lorbeer,blut,1,A
käse--lorbeer,lorbeer,käse,1,A
lorbeer--pfoten,lorbeer,pfoten,1,A
ei--lorbeer,lorbeer,ei,3,A
herbes_de_provence--lorbeer,lorbeer,herbes_de_provence,1,A
lorbeer--schmand,lorbeer,schmand,1,A
fisch--lorbeer,lorbeer,fisch,1,A
madeira--muskat,madeira,muskat,1,A
fleisch--madeira,madeira,fleisch,1,A
madeira--suppengemüse,madeira,suppengemüse,1,A
madeira--pfifferlinge,madeira,pfifferlinge,1,A
madeira--orangenschale,madeira,orangenschale,1,A
knochen--madeira,madeira,knochen,1,A
madeira--sahne,madeira,sahne,1,A
cayennepfeffer--madeira,madeira,cayennepfeffer,1,A
madeira--wacholder,madeira,wacholder,1,A
gemüsebrühe--madeira,madeira,gemüsebrühe,1,A
ei--madeira,madeira,ei,1,A
madeira--piment,madeira,piment,1,A
hackfleisch--spinat,spinat,hackfleisch,1,A
muskat--spinat,spinat,muskat,2,A
bratwurst--spinat,spinat,bratwurst,1,A
schnittlauch--spinat,spinat,schnittlauch,1,A
ei--spinat,spinat,ei,1,A
fleischbrühe--spinat,spinat,fleischbrühe,1,A
butter--spinat,spinat,butter,1,A
sahne--schweineschmalz,schweineschmalz,sahne,1,A
schweineschmalz--wacholder,schweineschmalz,wacholder,1,A
schweineschmalz--suppengemüse,schweineschmalz,suppengemüse,1,A
leberwurst--schweineschmalz,schweineschmalz,leberwurst,1,A
fleischbrühe--schweineschmalz,schweineschmalz,fleischbrühe,1,A
brühe--schweineschmalz,schweineschmalz,brühe,1,A
blutwurst--schweineschmalz,schweineschmalz,blutwurst,1,A
kümmel--schweineschmalz,schweineschmalz,kümmel,1,A
essig--schnauze,schnauze,essig,1,A
schnauze--zucker,schnauze,zucker,1,A
niere--schnauze,schnauze,niere,1,A
blut--schnauze,schnauze,blut,1,A
pfoten--schnauze,schnauze,pfoten,1,A
ohren--schnauze,schnauze,ohren,1,A
backpflaume--schnauze,schnauze,backpflaume,1,A
piment--schnauze,schnauze,piment,1,A
rehundhirsch--rosmarin,rosmarin,rehundhirsch,1,A
karotte--rosmarin,rosmarin,karotte,2,A
lauch--rosmarin,rosmarin,lauch,1,A
pflanzenfett--rosmarin,rosmarin,pflanzenfett,1,A
rosmarin--speck,rosmarin,speck,2,A
kaninchen--rosmarin,rosmarin,kaninchen,1,A
rosmarin--wein,rosmarin,wein,1,A
majoran--rosmarin,rosmarin,majoran,1,A
petersilie--rosmarin,rosmarin,petersilie,1,A
rosmarin--stärke,rosmarin,stärke,1,A
rosmarin--wacholder,rosmarin,wacholder,1,A
knollensellerie--rosmarin,rosmarin,knollensellerie,2,A
kompott--rosmarin,rosmarin,kompott,1,A
rosmarin--rotwein,rosmarin,rotwein,3,A
rosmarin--thymian,rosmarin,thymian,1,A
rosmarin--tomatenmark,rosmarin,tomatenmark,2,A
pfifferlinge--rosmarin,rosmarin,pfifferlinge,1,A
brühe--rosmarin,rosmarin,brühe,1,A
rindfleisch--stärke,stärke,rindfleisch,1,A
milch--stärke,stärke,milch,1,A
karotte--stärke,stärke,karotte,1,A
lauch--stärke,stärke,lauch,1,A
speck--stärke,stärke,speck,1,A
stärke--suppengemüse,stärke,suppengemüse,1,A
schinken--stärke,stärke,schinken,1,A
stärke--wein,stärke,wein,1,A
knochen--stärke,stärke,knochen,1,A
fleischbrühe--stärke,stärke,fleischbrühe,1,A
majoran--stärke,stärke,majoran,1,A
sahne--stärke,stärke,sahne,1,A
petersilie--stärke,stärke,petersilie,1,A
stärke--tomate,stärke,tomate,1,A
champignon--stärke,stärke,champignon,1,A
knollensellerie--stärke,stärke,knollensellerie,1,A
rotwein--stärke,stärke,rotwein,1,A
stärke--tomatenmark,stärke,tomatenmark,1,A
huhn--stärke,stärke,huhn,1,A
brühe--stärke,stärke,brühe,1,A
zucker--zwetschge,zucker,zwetschge,1,A
milch--zucker,zucker,milch,1,A
lauch--zucker,zucker,lauch,1,A
gans--zucker,zucker,gans,1,A
wurst--zucker,zucker,wurst,1,A
schinken--zucker,zucker,schinken,1,A
erbsen--zucker,zucker,erbsen,1,A
birne--zucker,zucker,birne,1,A
majoran--zucker,zucker,majoran,1,A
sahne--zucker,zucker,sahne,2,A
marone--zucker,zucker,marone,1,A
gurke--zucker,zucker,gurke,1,A
niere--zucker,zucker,niere,1,A
knollensellerie--zucker,zucker,knollensellerie,2,A
radieschen--zucker,zucker,radieschen,1,A
limburger--zucker,zucker,limburger,1,A
schnittlauch--zucker,zucker,schnittlauch,2,A
steckrübe--zucker,zucker,steckrübe,1,A
thymian--zucker,zucker,thymian,1,A
weißweinessig--zucker,zucker,weißweinessig,1,A
ohren--zucker,zucker,ohren,1,A
piment--zucker,zucker,piment,1,A
zimt--zucker,zucker,zimt,1,A
muskat--zucker,zucker,muskat,1,A
pflanzenfett--zucker,zucker,pflanzenfett,1,A
gewürzgurke--zucker,zucker,gewürzgurke,1,A
hering--zucker,zucker,hering,1,A
aal--zucker,zucker,aal,1,A
mayonnaise--zucker,zucker,mayonnaise,1,A
backpflaume--zucker,zucker,backpflaume,1,A
apfel--zucker,zucker,apfel,2,A
petersilie--zucker,zucker,petersilie,1,A
essig--zucker,zucker,essig,2,A
wacholder--zucker,zucker,wacholder,1,A
petersilienwurzel--zucker,zucker,petersilienwurzel,1,A
blut--zucker,zucker,blut,1,A
ei--zucker,zucker,ei,3,A
pfoten--zucker,zucker,pfoten,1,A
sardelle--tomate,sardelle,tomate,1,A
mozzarella--sardelle,sardelle,mozzarella,1,A
olive--sardelle,sardelle,olive,1,A
oregano--sardelle,sardelle,oregano,1,A
hefe--sardelle,sardelle,hefe,1,A
milch--tomate,tomate,milch,1,A
lauch--tomate,tomate,lauch,1,A
olive--tomate,tomate,olive,2,A
speck--tomate,tomate,speck,3,A
curry--tomate,tomate,curry,1,A
fleisch--tomate,tomate,fleisch,2,A
suppengemüse--tomate,tomate,suppengemüse,1,A
schinken--tomate,tomate,schinken,3,A
schweinefleisch--tomate,tomate,schweinefleisch,1,A
kabeljau--tomate,tomate,kabeljau,1,A
lachs--tomate,tomate,lachs,1,A
majoran--tomate,tomate,majoran,1,A
schmalz--tomate,tomate,schmalz,1,A
sahne--tomate,tomate,sahne,1,A
kohlrabi--tomate,tomate,kohlrabi,1,A
gurke--tomate,tomate,gurke,3,A
blumenkohl--tomate,tomate,blumenkohl,1,A
tomate--zitrone,tomate,zitrone,1,A
knollensellerie--tomate,tomate,knollensellerie,1,A
oregano--tomate,tomate,oregano,4,A
radieschen--tomate,tomate,radieschen,1,A
fleischsalat--tomate,tomate,fleischsalat,1,A
schnittlauch--tomate,tomate,schnittlauch,1,A
thymian--tomate,tomate,thymian,1,A
rindfleisch--tomate,tomate,rindfleisch,1,A
karotte--tomate,tomate,karotte,1,A
gewürzgurke--tomate,tomate,gewürzgurke,1,A
mozzarella--tomate,tomate,mozzarella,3,A
dill--tomate,tomate,dill,1,A
mayonnaise--tomate,tomate,mayonnaise,2,A
fleischbrühe--tomate,tomate,fleischbrühe,1,A
petersilie--tomate,tomate,petersilie,3,A
champignon--tomate,tomate,champignon,1,A
tomate--weißbrot,tomate,weißbrot,1,A
kaviar--tomate,tomate,kaviar,1,A
hefe--tomate,tomate,hefe,4,A
ei--tomate,tomate,ei,2,A
butter--tomate,tomate,butter,1,A
fisch--tomate,tomate,fisch,2,A
ananas--schinken,ananas,schinken,1,A
maggi--milch,maggi,milch,1,A
karotte--maggi,maggi,karotte,1,A
fleisch--maggi,maggi,fleisch,1,A
maggi--suppengemüse,maggi,suppengemüse,1,A
hartweizengrieß--maggi,maggi,hartweizengrieß,1,A
fleischbrühe--maggi,maggi,fleischbrühe,1,A
maggi--schweinefleisch,maggi,schweinefleisch,1,A
maggi--schmalz,maggi,schmalz,1,A
hackfleisch--maggi,maggi,hackfleisch,1,A
butter--maggi,maggi,butter,1,A
maggi--wacholder,maggi,wacholder,1,A
kartoffel--maggi,maggi,kartoffel,1,A
knollensellerie--maggi,maggi,knollensellerie,1,A
leberwurst--maggi,maggi,leberwurst,1,A
blutwurst--maggi,maggi,blutwurst,1,A
kümmel--maggi,maggi,kümmel,1,A
lauch--petersilienwurzel,petersilienwurzel,lauch,1,A
aal--petersilienwurzel,petersilienwurzel,aal,1,A
petersilienwurzel--schinken,petersilienwurzel,schinken,1,A
erbsen--petersilienwurzel,petersilienwurzel,erbsen,1,A
birne--petersilienwurzel,petersilienwurzel,birne,1,A
petersilie--petersilienwurzel,petersilienwurzel,petersilie,1,A
majoran--petersilienwurzel,petersilienwurzel,majoran,1,A
essig--petersilienwurzel,petersilienwurzel,essig,1,A
knollensellerie--petersilienwurzel,petersilienwurzel,knollensellerie,1,A
petersilienwurzel--steckrübe,petersilienwurzel,steckrübe,1,A
petersilienwurzel--thymian,petersilienwurzel,thymian,1,A
curry--weißbrot,weißbrot,curry,1,A
suppengemüse--weißbrot,weißbrot,suppengemüse,1,A
räucherspeck--weißbrot,weißbrot,räucherspeck,1,A
fleischbrühe--weißbrot,weißbrot,fleischbrühe,1,A
kabeljau--weißbrot,weißbrot,kabeljau,1,A
petersilie--weißbrot,weißbrot,petersilie,1,A
weißbrot--zitrone,weißbrot,zitrone,1,A
champignon--weißbrot,weißbrot,champignon,1,A
bechamel--weißbrot,weißbrot,bechamel,1,A
thymian--weißbrot,weißbrot,thymian,2,A
ei--weißbrot,weißbrot,ei,1,A
butter--weißbrot,weißbrot,butter,2,A
weißbrot--zicklein,weißbrot,zicklein,1,A
fisch--weißbrot,weißbrot,fisch,1,A
rotwein--schweinemett,rotwein,schweinemett,1,A
lauch--rotwein,rotwein,lauch,1,A
rotwein--speck,rotwein,speck,4,A
orangenschale--rotwein,rotwein,orangenschale,1,A
rotwein--suppengemüse,rotwein,suppengemüse,1,A
hase--rotwein,rotwein,hase,1,A
rotwein--schweinefleisch,rotwein,schweinefleisch,1,A
rotwein--schmalz,rotwein,schmalz,1,A
rotwein--sahne,rotwein,sahne,3,A
majoran--rotwein,rotwein,majoran,1,A
orange--rotwein,rotwein,orange,1,A
cayennepfeffer--rotwein,rotwein,cayennepfeffer,1,A
hefewürze--rotwein,rotwein,hefewürze,1,A
kompott--rotwein,rotwein,kompott,1,A
butterschmalz--rotwein,rotwein,butterschmalz,1,A
knollensellerie--rotwein,rotwein,knollensellerie,4,A
hühnerbrühe--rotwein,rotwein,hühnerbrühe,1,A
rotwein--thymian,rotwein,thymian,2,A
rotwein--tomatenmark,rotwein,tomatenmark,4,A
pfifferlinge--rotwein,rotwein,pfifferlinge,2,A
oregano--rotwein,rotwein,oregano,1,A
gemüsebrühe--rotwein,rotwein,gemüsebrühe,2,A
orangensaft--rotwein,rotwein,orangensaft,1,A
rotwein--senfsamen,rotwein,senfsamen,1,A
orangenlikör--rotwein,rotwein,orangenlikör,1,A
rehundhirsch--rotwein,rotwein,rehundhirsch,2,A
kräuter--rotwein,rotwein,kräuter,1,A
pflanzenfett--rotwein,rotwein,pflanzenfett,3,A
kaninchen--rotwein,rotwein,kaninchen,1,A
karotte--rotwein,rotwein,karotte,3,A
ketchup--rotwein,rotwein,ketchup,1,A
ente--rotwein,rotwein,ente,1,A
obstessig--rotwein,rotwein,obstessig,1,A
rotwein--wein,rotwein,wein,1,A
fleischbrühe--rotwein,rotwein,fleischbrühe,1,A
petersilie--rotwein,rotwein,petersilie,1,A
rotwein--wacholder,rotwein,wacholder,5,A
rotwein--zitronenmelisse,rotwein,zitronenmelisse,1,A
käse--rotwein,rotwein,käse,1,A
rotwein--wildschwein,rotwein,wildschwein,1,A
herbes_de_provence--rotwein,rotwein,herbes_de_provence,1,A
butter--rotwein,rotwein,butter,2,A
brühe--rotwein,rotwein,brühe,1,A
pflanzenfett--zitronenmelisse,zitronenmelisse,pflanzenfett,1,A
orangenschale--zitronenmelisse,zitronenmelisse,orangenschale,1,A
obstessig--zitronenmelisse,zitronenmelisse,obstessig,1,A
hase--zitronenmelisse,zitronenmelisse,hase,1,A
orange--zitronenmelisse,zitronenmelisse,orange,1,A
sahne--zitronenmelisse,zitronenmelisse,sahne,1,A
wacholder--zitronenmelisse,zitronenmelisse,wacholder,1,A
orangenlikör--zitronenmelisse,zitronenmelisse,orangenlikör,1,A
knollensellerie--zitronenmelisse,zitronenmelisse,knollensellerie,1,A
orangensaft--zitronenmelisse,zitronenmelisse,orangensaft,1,A
gemüsebrühe--zitronenmelisse,zitronenmelisse,gemüsebrühe,1,A
tomatenmark--zitronenmelisse,zitronenmelisse,tomatenmark,1,A
herbes_de_provence--zitronenmelisse,zitronenmelisse,herbes_de_provence,1,A
senfsamen--zitronenmelisse,zitronenmelisse,senfsamen,1,A
pflanzenfett--wildschwein,wildschwein,pflanzenfett,1,A
ketchup--wildschwein,wildschwein,ketchup,1,A
pfifferlinge--wildschwein,wildschwein,pfifferlinge,1,A
apfel--wildschwein,wildschwein,apfel,1,A
majoran--wildschwein,wildschwein,majoran,1,A
sahne--wildschwein,wildschwein,sahne,1,A
cayennepfeffer--wildschwein,wildschwein,cayennepfeffer,1,A
wildschwein--zitrone,wildschwein,zitrone,1,A
wacholder--wildschwein,wildschwein,wacholder,1,A
butterschmalz--wildschwein,wildschwein,butterschmalz,1,A
käse--wildschwein,wildschwein,käse,1,A
butter--wildschwein,wildschwein,butter,1,A
linsen--rindfleisch,linsen,rindfleisch,1,A
karotte--linsen,linsen,karotte,1,A
lauch--linsen,linsen,lauch,1,A
linsen--speck,linsen,speck,1,A
kartoffel--linsen,linsen,kartoffel,1,A
knollensellerie--linsen,linsen,knollensellerie,1,A
fleischbrühe--linsen,linsen,fleischbrühe,1,A
linsen--petersilie,linsen,petersilie,1,A
sahne--zwetschge,zwetschge,sahne,1,A
marone--zwetschge,zwetschge,marone,1,A
gans--zwetschge,zwetschge,gans,1,A
apfel--zwetschge,zwetschge,apfel,1,A
zimt--zwetschge,zwetschge,zimt,1,A
mozzarella--olive,olive,mozzarella,2,A
champignon--olive,olive,champignon,1,A
olive--oregano,olive,oregano,2,A
olive--schinken,olive,schinken,1,A
hefe--olive,olive,hefe,2,A
ravioli--zucchini,ravioli,zucchini,1,A
ravioli--streuwürze,ravioli,streuwürze,1,A
curry--dill,curry,dill,1,A
curry--räucherspeck,curry,räucherspeck,1,A
curry--mayonnaise,curry,mayonnaise,1,A
curry--sahne,curry,sahne,1,A
curry--gurke,curry,gurke,1,A
curry--zitrone,curry,zitrone,2,A
champignon--curry,curry,champignon,1,A
bechamel--curry,curry,bechamel,1,A
curry--ei,curry,ei,1,A
butter--curry,curry,butter,1,A
curry--fisch,curry,fisch,1,A
schweinemett--speck,speck,schweinemett,1,A
milch--speck,speck,milch,2,A
lauch--speck,speck,lauch,4,A
fleisch--speck,speck,fleisch,1,A
speck--suppengemüse,speck,suppengemüse,1,A
majoran--speck,speck,majoran,2,A
sahne--speck,speck,sahne,2,A
schmalz--speck,speck,schmalz,1,A
kohlrabi--speck,speck,kohlrabi,1,A
gurke--speck,speck,gurke,1,A
blumenkohl--speck,speck,blumenkohl,1,A
knollensellerie--speck,speck,knollensellerie,5,A
kompott--speck,speck,kompott,1,A
hühnerbrühe--speck,speck,hühnerbrühe,1,A
oregano--speck,speck,oregano,1,A
schnittlauch--speck,speck,schnittlauch,3,A
speck--thymian,speck,thymian,1,A
speck--tomatenmark,speck,tomatenmark,2,A
pfifferlinge--speck,speck,pfifferlinge,1,A
rindfleisch--speck,speck,rindfleisch,3,A
rehundhirsch--speck,speck,rehundhirsch,1,A
muskat--speck,speck,muskat,1,A
karotte--speck,speck,karotte,4,A
pflanzenfett--speck,speck,pflanzenfett,1,A
kaninchen--speck,speck,kaninchen,1,A
ente--speck,speck,ente,1,A
fleischbrühe--speck,speck,fleischbrühe,5,A
liebstöckel--speck,speck,liebstöckel,1,A
petersilie--speck,speck,petersilie,4,A
essig--speck,speck,essig,1,A
butter--speck,speck,butter,2,A
speck--wacholder,speck,wacholder,1,A
kartoffel--speck,speck,kartoffel,4,A
ei--speck,speck,ei,1,A
fleisch--muskat,fleisch,muskat,1,A
fleisch--karotte,fleisch,karotte,1,A
fleisch--suppengemüse,fleisch,suppengemüse,1,A
fleisch--orangenschale,fleisch,orangenschale,1,A
fleisch--knochen,fleisch,knochen,1,A
fleisch--schweinefleisch,fleisch,schweinefleisch,1,A
fleisch--petersilie,fleisch,petersilie,1,A
fleisch--sahne,fleisch,sahne,1,A
fleisch--gurke,fleisch,gurke,1,A
cayennepfeffer--fleisch,fleisch,cayennepfeffer,1,A
fleisch--wacholder,fleisch,wacholder,1,A
fleisch--kartoffel,fleisch,kartoffel,1,A
fleisch--knollensellerie,fleisch,knollensellerie,1,A
fleisch--gemüsebrühe,fleisch,gemüsebrühe,1,A
fleisch--pfifferlinge,fleisch,pfifferlinge,1,A
ei--fleisch,fleisch,ei,1,A
fleisch--piment,fleisch,piment,1,A
muskat--orangenschale,orangenschale,muskat,1,A
orangenschale--pflanzenfett,orangenschale,pflanzenfett,1,A
herbes_de_provence--orangenschale,orangenschale,herbes_de_provence,1,A
orangenschale--suppengemüse,orangenschale,suppengemüse,1,A
orangenschale--pfifferlinge,orangenschale,pfifferlinge,1,A
obstessig--orangenschale,orangenschale,obstessig,1,A
knochen--orangenschale,orangenschale,knochen,1,A
hase--orangenschale,orangenschale,hase,1,A
orange--orangenschale,orangenschale,orange,1,A
orangenschale--sahne,orangenschale,sahne,2,A
cayennepfeffer--orangenschale,orangenschale,cayennepfeffer,1,A
orangenschale--wacholder,orangenschale,wacholder,2,A
orangenlikör--orangenschale,orangenschale,orangenlikör,1,A
knollensellerie--orangenschale,orangenschale,knollensellerie,1,A
orangensaft--orangenschale,orangenschale,orangensaft,1,A
gemüsebrühe--orangenschale,orangenschale,gemüsebrühe,2,A
orangenschale--tomatenmark,orangenschale,tomatenmark,1,A
ei--orangenschale,orangenschale,ei,1,A
orangenschale--piment,orangenschale,piment,1,A
orangenschale--senfsamen,orangenschale,senfsamen,1,A
lauch--schinken,schinken,lauch,1,A
schinken--suppengemüse,schinken,suppengemüse,1,A
knochen--schinken,schinken,knochen,1,A
erbsen--schinken,schinken,erbsen,1,A
birne--schinken,schinken,birne,1,A
lachs--schinken,schinken,lachs,1,A
majoran--schinken,schinken,majoran,1,A
sahne--schinken,schinken,sahne,1,A
gurke--schinken,schinken,gurke,2,A
schinken--zitrone,schinken,zitrone,1,A
knollensellerie--schinken,schinken,knollensellerie,1,A
oregano--schinken,schinken,oregano,1,A
radieschen--schinken,schinken,radieschen,1,A
fleischsalat--schinken,schinken,fleischsalat,1,A
schinken--steckrübe,schinken,steckrübe,1,A
schinken--thymian,schinken,thymian,1,A
schinken--tomatenmark,schinken,tomatenmark,1,A
gewürzgurke--schinken,schinken,gewürzgurke,1,A
mozzarella--schinken,schinken,mozzarella,1,A
dill--schinken,schinken,dill,1,A
aal--schinken,schinken,aal,1,A
mayonnaise--schinken,schinken,mayonnaise,1,A
fleischbrühe--schinken,schinken,fleischbrühe,1,A
petersilie--schinken,schinken,petersilie,2,A
essig--schinken,schinken,essig,1,A
blätterteig--schinken,schinken,blätterteig,1,A
champignon--schinken,schinken,champignon,2,A
kartoffel--schinken,schinken,kartoffel,1,A
schinken--spargel,schinken,spargel,1,A
kaviar--schinken,schinken,kaviar,1,A
käse--schinken,schinken,käse,1,A
hefe--schinken,schinken,hefe,1,A
ei--schinken,schinken,ei,3,A
butter--schinken,schinken,butter,1,A
lauchzwiebel--schinken,schinken,lauchzwiebel,1,A
rindfleisch--schweinefleisch,schweinefleisch,rindfleisch,1,A
paprikapulver--schweinefleisch,schweinefleisch,paprikapulver,1,A
schweinefleisch--suppengemüse,schweinefleisch,suppengemüse,1,A
fleischbrühe--schweinefleisch,schweinefleisch,fleischbrühe,1,A
schmalz--schweinefleisch,schweinefleisch,schmalz,2,A
petersilie--schweinefleisch,schweinefleisch,petersilie,1,A
schweinefleisch--wacholder,schweinefleisch,wacholder,2,A
schweinefleisch--tabasco,schweinefleisch,tabasco,1,A
schweinefleisch--thymian,schweinefleisch,thymian,1,A
ei--schweinefleisch,schweinefleisch,ei,1,A
leberwurst--schweinefleisch,schweinefleisch,leberwurst,1,A
blutwurst--schweinefleisch,schweinefleisch,blutwurst,1,A
kümmel--schweinefleisch,schweinefleisch,kümmel,1,A
lauch--schmalz,schmalz,lauch,1,A
schmalz--suppengemüse,schmalz,suppengemüse,1,A
schmalz--wurst,schmalz,wurst,1,A
majoran--schmalz,schmalz,majoran,1,A
kohlrabi--schmalz,schmalz,kohlrabi,1,A
blumenkohl--schmalz,schmalz,blumenkohl,1,A
knollensellerie--schmalz,schmalz,knollensellerie,1,A
oregano--schmalz,schmalz,oregano,1,A
schmalz--schnittlauch,schmalz,schnittlauch,1,A
schmalz--thymian,schmalz,thymian,1,A
schmalz--tomatenmark,schmalz,tomatenmark,1,A
blutwurst--schmalz,schmalz,blutwurst,1,A
kümmel--schmalz,schmalz,kümmel,1,A
muskat--schmalz,schmalz,muskat,1,A
karotte--schmalz,schmalz,karotte,1,A
fleischbrühe--schmalz,schmalz,fleischbrühe,3,A
petersilie--schmalz,schmalz,petersilie,1,A
schmalz--wacholder,schmalz,wacholder,2,A
käse--schmalz,schmalz,käse,1,A
leberwurst--schmalz,schmalz,leberwurst,1,A
butter--schmalz,schmalz,butter,1,A
lauch--majoran,majoran,lauch,4,A
erbsen--majoran,majoran,erbsen,1,A
birne--majoran,majoran,birne,1,A
majoran--sahne,majoran,sahne,1,A
kohlrabi--majoran,majoran,kohlrabi,1,A
blumenkohl--majoran,majoran,blumenkohl,1,A
majoran--zitrone,majoran,zitrone,1,A
knollensellerie--majoran,majoran,knollensellerie,4,A
majoran--oregano,majoran,oregano,1,A
majoran--schnittlauch,majoran,schnittlauch,2,A
majoran--steckrübe,majoran,steckrübe,1,A
majoran--thymian,majoran,thymian,1,A
majoran--pflanzenfett,majoran,pflanzenfett,1,A
karotte--majoran,majoran,karotte,2,A
aal--majoran,majoran,aal,1,A
majoran--wein,majoran,wein,2,A
fleischbrühe--majoran,majoran,fleischbrühe,2,A
apfel--majoran,majoran,apfel,1,A
majoran--petersilie,majoran,petersilie,4,A
essig--majoran,majoran,essig,2,A
kartoffel--majoran,majoran,kartoffel,1,A
ei--majoran,majoran,ei,1,A
brühe--majoran,majoran,brühe,1,A
dill--fisch,fisch,dill,1,A
fisch--suppengemüse,fisch,suppengemüse,1,A
fisch--krabben,fisch,krabben,1,A
fisch--mayonnaise,fisch,mayonnaise,1,A
fisch--kabeljau,fisch,kabeljau,1,A
fisch--petersilie,fisch,petersilie,1,A
fisch--sahne,fisch,sahne,1,A
fisch--gurke,fisch,gurke,1,A
fisch--zitrone,fisch,zitrone,1,A
fisch--thymian,fisch,thymian,1,A
fisch--hefe,fisch,hefe,1,A
fisch--tintenfisch,fisch,tintenfisch,1,A
fisch--muscheln,fisch,muscheln,1,A
marone--sahne,marone,sahne,1,A
gans--marone,marone,gans,1,A
apfel--marone,marone,apfel,1,A
marone--zimt,marone,zimt,1,A
karotte--kohlrabi,kohlrabi,karotte,1,A
blumenkohl--kohlrabi,kohlrabi,blumenkohl,1,A
kohlrabi--lauch,kohlrabi,lauch,1,A
kohlrabi--petersilie,kohlrabi,petersilie,1,A
knollensellerie--kohlrabi,kohlrabi,knollensellerie,1,A
kohlrabi--oregano,kohlrabi,oregano,1,A
kohlrabi--schnittlauch,kohlrabi,schnittlauch,1,A
fleischbrühe--kohlrabi,kohlrabi,fleischbrühe,1,A
räucherspeck--zitrone,zitrone,räucherspeck,1,A
sahne--zitrone,zitrone,sahne,2,A
gurke--zitrone,zitrone,gurke,2,A
butterschmalz--zitrone,zitrone,butterschmalz,1,A
bechamel--zitrone,zitrone,bechamel,1,A
pflanzenfett--zitrone,zitrone,pflanzenfett,1,A
dill--zitrone,zitrone,dill,2,A
hering--zitrone,zitrone,hering,2,A
mayonnaise--zitrone,zitrone,mayonnaise,1,A
apfel--zitrone,zitrone,apfel,1,A
petersilie--zitrone,zitrone,petersilie,1,A
champignon--zitrone,zitrone,champignon,1,A
kartoffel--zitrone,zitrone,kartoffel,1,A
ei--zitrone,zitrone,ei,2,A
butter--zitrone,zitrone,butter,2,A
lauchzwiebel--zitrone,zitrone,lauchzwiebel,1,A
rindfleisch--tabasco,tabasco,rindfleisch,1,A
paprikapulver--tabasco,tabasco,paprikapulver,1,A
ei--tabasco,tabasco,ei,1,A
orangenlikör--pflanzenfett,orangenlikör,pflanzenfett,1,A
obstessig--orangenlikör,orangenlikör,obstessig,1,A
hase--orangenlikör,orangenlikör,hase,1,A
orange--orangenlikör,orangenlikör,orange,1,A
orangenlikör--sahne,orangenlikör,sahne,1,A
orangenlikör--wacholder,orangenlikör,wacholder,1,A
knollensellerie--orangenlikör,orangenlikör,knollensellerie,1,A
orangenlikör--orangensaft,orangenlikör,orangensaft,1,A
gemüsebrühe--orangenlikör,orangenlikör,gemüsebrühe,1,A
orangenlikör--tomatenmark,orangenlikör,tomatenmark,1,A
herbes_de_provence--orangenlikör,orangenlikör,herbes_de_provence,1,A
orangenlikör--senfsamen,orangenlikör,senfsamen,1,A
muskat--suppenwürze,suppenwürze,muskat,1,A
suppenwürze--tomatensauce,suppenwürze,tomatensauce,1,A
petersilie--suppenwürze,suppenwürze,petersilie,1,A
essig--suppenwürze,suppenwürze,essig,1,A
sahne--suppenwürze,suppenwürze,sahne,1,A
löwenzahn--suppenwürze,suppenwürze,löwenzahn,1,A
kartoffel--suppenwürze,suppenwürze,kartoffel,1,A
spargel--suppenwürze,suppenwürze,spargel,1,A
hühnerbrühe--suppenwürze,suppenwürze,hühnerbrühe,1,A
ei--suppenwürze,suppenwürze,ei,3,A
bier--suppenwürze,suppenwürze,bier,1,A
kalbskopf--suppenwürze,suppenwürze,kalbskopf,1,A
butter--suppenwürze,suppenwürze,butter,1,A
kompott--rehundhirsch,kompott,rehundhirsch,1,A
kompott--thymian,kompott,thymian,1,A
kompott--tomatenmark,kompott,tomatenmark,1,A
butterschmalz--ketchup,butterschmalz,ketchup,1,A
butterschmalz--hering,butterschmalz,hering,1,A
butterschmalz--pfifferlinge,butterschmalz,pfifferlinge,1,A
butterschmalz--petersilie,butterschmalz,petersilie,1,A
butterschmalz--sahne,butterschmalz,sahne,1,A
butterschmalz--cayennepfeffer,butterschmalz,cayennepfeffer,1,A
butterschmalz--wacholder,butterschmalz,wacholder,1,A
butterschmalz--käse,butterschmalz,käse,1,A
butter--butterschmalz,butterschmalz,butter,1,A
lauch--oregano,oregano,lauch,1,A
blumenkohl--oregano,oregano,blumenkohl,1,A
hefewürze--oregano,oregano,hefewürze,1,A
knollensellerie--oregano,oregano,knollensellerie,2,A
oregano--schnittlauch,oregano,schnittlauch,1,A
gemüsebrühe--oregano,oregano,gemüsebrühe,1,A
oregano--tomatenmark,oregano,tomatenmark,1,A
oregano--rehundhirsch,oregano,rehundhirsch,1,A
kräuter--oregano,oregano,kräuter,1,A
oregano--pflanzenfett,oregano,pflanzenfett,1,A
karotte--oregano,oregano,karotte,2,A
mozzarella--oregano,oregano,mozzarella,2,A
fleischbrühe--oregano,oregano,fleischbrühe,1,A
oregano--petersilie,oregano,petersilie,1,A
oregano--wacholder,oregano,wacholder,1,A
champignon--oregano,oregano,champignon,1,A
hefe--oregano,oregano,hefe,3,A
bohnenkraut--essig,bohnenkraut,essig,1,A
bohnenkraut--kartoffel,bohnenkraut,kartoffel,1,A
bohnenkraut--wurst,bohnenkraut,wurst,1,A
bohnen--bohnenkraut,bohnenkraut,bohnen,1,A
fleischsalat--gurke,fleischsalat,gurke,1,A
fleischsalat--radieschen,fleischsalat,radieschen,1,A
fleischsalat--mayonnaise,fleischsalat,mayonnaise,1,A
fleischsalat--kaviar,fleischsalat,kaviar,1,A
ei--fleischsalat,fleischsalat,ei,1,A
fleischsalat--lachs,fleischsalat,lachs,1,A
lauch--schnittlauch,schnittlauch,lauch,2,A
schnittlauch--wurst,schnittlauch,wurst,1,A
sahne--schnittlauch,schnittlauch,sahne,3,A
gurke--schnittlauch,schnittlauch,gurke,1,A
blumenkohl--schnittlauch,schnittlauch,blumenkohl,1,A
knollensellerie--schnittlauch,schnittlauch,knollensellerie,3,A
radieschen--schnittlauch,schnittlauch,radieschen,1,A
muskat--schnittlauch,schnittlauch,muskat,1,A
karotte--schnittlauch,schnittlauch,karotte,1,A
bratwurst--schnittlauch,schnittlauch,bratwurst,1,A
mayonnaise--schnittlauch,schnittlauch,mayonnaise,1,A
fleischbrühe--schnittlauch,schnittlauch,fleischbrühe,5,A
apfel--schnittlauch,schnittlauch,apfel,1,A
petersilie--schnittlauch,schnittlauch,petersilie,2,A
essig--schnittlauch,schnittlauch,essig,2,A
hackfleisch--schnittlauch,schnittlauch,hackfleisch,1,A
kartoffel--schnittlauch,schnittlauch,kartoffel,2,A
ei--schnittlauch,schnittlauch,ei,5,A
butter--schnittlauch,schnittlauch,butter,1,A
thymian--zicklein,zicklein,thymian,1,A
fleischbrühe--zicklein,zicklein,fleischbrühe,1,A
butter--zicklein,zicklein,butter,1,A
muskat--piment,piment,muskat,1,A
piment--suppengemüse,piment,suppengemüse,1,A
knochen--piment,piment,knochen,1,A
backpflaume--piment,piment,backpflaume,1,A
essig--piment,piment,essig,1,A
piment--sahne,piment,sahne,1,A
cayennepfeffer--piment,piment,cayennepfeffer,1,A
piment--wacholder,piment,wacholder,1,A
niere--piment,piment,niere,1,A
blut--piment,piment,blut,1,A
gemüsebrühe--piment,piment,gemüsebrühe,1,A
pfifferlinge--piment,piment,pfifferlinge,1,A
pfoten--piment,piment,pfoten,1,A
ohren--piment,piment,ohren,1,A
ei--piment,piment,ei,1,A
krabben--tintenfisch,tintenfisch,krabben,1,A
hefe--tintenfisch,tintenfisch,hefe,1,A
muscheln--tintenfisch,tintenfisch,muscheln,1,A
kümmel--sahne,kümmel,sahne,1,A
kümmel--wacholder,kümmel,wacholder,2,A
kümmel--suppengemüse,kümmel,suppengemüse,2,A
kümmel--leberwurst,kümmel,leberwurst,1,A
fleischbrühe--kümmel,kümmel,fleischbrühe,1,A
blutwurst--kümmel,kümmel,blutwurst,1,A
kräuter--rehundhirsch,kräuter,rehundhirsch,1,A
kräuter--pflanzenfett,kräuter,pflanzenfett,1,A
karotte--kräuter,kräuter,karotte,1,A
kräuter--wacholder,kräuter,wacholder,1,A
hefewürze--kräuter,kräuter,hefewürze,1,A
knollensellerie--kräuter,kräuter,knollensellerie,1,A
gemüsebrühe--kräuter,kräuter,gemüsebrühe,1,A
kräuter--tomatenmark,kräuter,tomatenmark,1,A
gewürzgurke--pflanzenfett,gewürzgurke,pflanzenfett,1,A
gewürzgurke--hering,gewürzgurke,hering,1,A
apfel--gewürzgurke,gewürzgurke,apfel,1,A
gewürzgurke--petersilie,gewürzgurke,petersilie,1,A
butter--gewürzgurke,gewürzgurke,butter,1,A
gewürzgurke--wacholder,gewürzgurke,wacholder,2,A
gewürzgurke--matjes,gewürzgurke,matjes,1,A
gewürzgurke--weißweinessig,gewürzgurke,weißweinessig,1,A
ei--gewürzgurke,gewürzgurke,ei,1,A
gewürzgurke--schmand,gewürzgurke,schmand,1,A
champignon--mozzarella,mozzarella,champignon,1,A
hefe--mozzarella,mozzarella,hefe,3,A
muskat--tomatensauce,tomatensauce,muskat,1,A
bier--tomatensauce,tomatensauce,bier,1,A
kalbskopf--tomatensauce,tomatensauce,kalbskopf,1,A
ei--tomatensauce,tomatensauce,ei,1,A
hering--milch,hering,milch,1,A
hering--pflanzenfett,hering,pflanzenfett,1,A
hering--stockfisch,hering,stockfisch,1,A
hering--petersilie,hering,petersilie,1,A
essig--hering,hering,essig,1,A
hering--sahne,hering,sahne,4,A
hering--wacholder,hering,wacholder,1,A
hering--kartoffel,hering,kartoffel,1,A
hering--weißweinessig,hering,weißweinessig,1,A
ei--hering,hering,ei,1,A
aal--lauch,aal,lauch,1,A
aal--erbsen,aal,erbsen,1,A
aal--birne,aal,birne,1,A
aal--petersilie,aal,petersilie,1,A
aal--essig,aal,essig,1,A
aal--knollensellerie,aal,knollensellerie,1,A
aal--steckrübe,aal,steckrübe,1,A
aal--thymian,aal,thymian,1,A
karotte--wein,wein,karotte,1,A
lauch--wein,wein,lauch,1,A
petersilie--wein,wein,petersilie,1,A
knollensellerie--wein,wein,knollensellerie,1,A
brühe--wein,wein,brühe,1,A
fleischbrühe--milch,fleischbrühe,milch,1,A
fleischbrühe--lauch,fleischbrühe,lauch,4,A
fleischbrühe--suppengemüse,fleischbrühe,suppengemüse,2,A
fleischbrühe--hartweizengrieß,fleischbrühe,hartweizengrieß,1,A
fleischbrühe--knochen,fleischbrühe,knochen,1,A
fleischbrühe--sahne,fleischbrühe,sahne,2,A
blumenkohl--fleischbrühe,fleischbrühe,blumenkohl,1,A
fleischbrühe--knollensellerie,fleischbrühe,knollensellerie,4,A
fleischbrühe--thymian,fleischbrühe,thymian,2,A
fleischbrühe--tomatenmark,fleischbrühe,tomatenmark,2,A
fleischbrühe--rindfleisch,fleischbrühe,rindfleisch,2,A
fleischbrühe--muskat,fleischbrühe,muskat,1,A
fleischbrühe--karotte,fleischbrühe,karotte,3,A
bratwurst--fleischbrühe,fleischbrühe,bratwurst,1,A
fleischbrühe--petersilie,fleischbrühe,petersilie,4,A
essig--fleischbrühe,fleischbrühe,essig,2,A
butter--fleischbrühe,fleischbrühe,butter,4,A
fleischbrühe--hackfleisch,fleischbrühe,hackfleisch,2,A
fleischbrühe--wacholder,fleischbrühe,wacholder,3,A
champignon--fleischbrühe,fleischbrühe,champignon,1,A
fleischbrühe--kartoffel,fleischbrühe,kartoffel,4,A
fleischbrühe--käse,fleischbrühe,käse,1,A
ei--fleischbrühe,fleischbrühe,ei,3,A
apfel--pflanzenfett,apfel,pflanzenfett,1,A
apfel--gans,apfel,gans,1,A
apfel--wurst,apfel,wurst,1,A
apfel--petersilie,apfel,petersilie,1,A
apfel--sahne,apfel,sahne,1,A
apfel--gurke,apfel,gurke,1,A
apfel--wacholder,apfel,wacholder,1,A
apfel--matjes,apfel,matjes,1,A
apfel--knollensellerie,apfel,knollensellerie,1,A
apfel--radieschen,apfel,radieschen,1,A
apfel--ei,apfel,ei,1,A
apfel--schmand,apfel,schmand,1,A
apfel--zimt,apfel,zimt,1,A
streuwürze--zucchini,zucchini,streuwürze,1,A
essig--löwenzahn,löwenzahn,essig,1,A
kartoffel--löwenzahn,löwenzahn,kartoffel,1,A
ei--löwenzahn,löwenzahn,ei,1,A
gurke--kaviar,kaviar,gurke,1,A
kaviar--radieschen,kaviar,radieschen,1,A
kaviar--mayonnaise,kaviar,mayonnaise,1,A
ei--kaviar,kaviar,ei,1,A
kaviar--lachs,kaviar,lachs,1,A
käse--ketchup,käse,ketchup,1,A
käse--pfifferlinge,käse,pfifferlinge,1,A
käse--petersilie,käse,petersilie,1,A
käse--sahne,käse,sahne,3,A
blätterteig--käse,käse,blätterteig,1,A
hackfleisch--käse,käse,hackfleisch,2,A
cayennepfeffer--käse,käse,cayennepfeffer,1,A
käse--wacholder,käse,wacholder,1,A
käse--knollensellerie,käse,knollensellerie,1,A
käse--tomatenmark,käse,tomatenmark,2,A
käse--nudeln,käse,nudeln,1,A
ei--käse,käse,ei,1,A
butter--käse,käse,butter,2,A
brühe--käse,käse,brühe,1,A
kalbskopf--muskat,kalbskopf,muskat,1,A
ei--kalbskopf,kalbskopf,ei,1,A
bier--kalbskopf,kalbskopf,bier,1,A
essig--pfoten,pfoten,essig,1,A
niere--pfoten,pfoten,niere,1,A
blut--pfoten,pfoten,blut,1,A
ohren--pfoten,pfoten,ohren,1,A
backpflaume--pfoten,pfoten,backpflaume,1,A
huhn--sahne,huhn,sahne,1,A
nudeln--sahne,nudeln,sahne,1,A
hackfleisch--nudeln,nudeln,hackfleisch,1,A
knollensellerie--nudeln,nudeln,knollensellerie,1,A
nudeln--tomatenmark,nudeln,tomatenmark,1,A
brühe--nudeln,nudeln,brühe,1,A
nudeln--petersilie,nudeln,petersilie,1,A
schmand--wacholder,schmand,wacholder,1,A
matjes--schmand,schmand,matjes,1,A
petersilie--schmand,schmand,petersilie,1,A
ente--schweinemett,schweinemett,ente,1,A
hühnerbrühe--schweinemett,schweinemett,hühnerbrühe,1,A
schweinemett--suppengemüse,schweinemett,suppengemüse,1,A
gans--sahne,gans,sahne,1,A
gans--zimt,gans,zimt,1,A
champignon--räucherspeck,räucherspeck,champignon,1,A
bechamel--räucherspeck,räucherspeck,bechamel,1,A
ei--räucherspeck,räucherspeck,ei,1,A
butter--räucherspeck,räucherspeck,butter,1,A
knochen--muskat,knochen,muskat,1,A
knochen--suppengemüse,knochen,suppengemüse,2,A
knochen--pfifferlinge,knochen,pfifferlinge,1,A
knochen--sahne,knochen,sahne,1,A
cayennepfeffer--knochen,knochen,cayennepfeffer,1,A
knochen--wacholder,knochen,wacholder,1,A
champignon--knochen,knochen,champignon,1,A
gemüsebrühe--knochen,knochen,gemüsebrühe,1,A
knochen--tomatenmark,knochen,tomatenmark,1,A
ei--knochen,knochen,ei,1,A
hase--pflanzenfett,hase,pflanzenfett,1,A
hase--obstessig,hase,obstessig,1,A
hase--orange,hase,orange,1,A
hase--sahne,hase,sahne,1,A
hase--wacholder,hase,wacholder,1,A
hase--knollensellerie,hase,knollensellerie,1,A
hase--orangensaft,hase,orangensaft,1,A
gemüsebrühe--hase,hase,gemüsebrühe,1,A
hase--tomatenmark,hase,tomatenmark,1,A
hase--herbes_de_provence,hase,herbes_de_provence,1,A
hase--senfsamen,hase,senfsamen,1,A
erbsen--muskat,erbsen,muskat,1,A
erbsen--lauch,erbsen,lauch,1,A
birne--erbsen,erbsen,birne,1,A
erbsen--petersilie,erbsen,petersilie,1,A
erbsen--essig,erbsen,essig,1,A
erbsen--knollensellerie,erbsen,knollensellerie,1,A
erbsen--steckrübe,erbsen,steckrübe,1,A
erbsen--thymian,erbsen,thymian,1,A
orange--pflanzenfett,orange,pflanzenfett,1,A
obstessig--orange,orange,obstessig,1,A
orange--sahne,orange,sahne,1,A
orange--wacholder,orange,wacholder,1,A
knollensellerie--orange,orange,knollensellerie,1,A
orange--orangensaft,orange,orangensaft,1,A
gemüsebrühe--orange,orange,gemüsebrühe,1,A
orange--tomatenmark,orange,tomatenmark,1,A
herbes_de_provence--orange,orange,herbes_de_provence,1,A
orange--senfsamen,orange,senfsamen,1,A
essig--niere,niere,essig,1,A
blut--niere,niere,blut,1,A
niere--ohren,niere,ohren,1,A
backpflaume--niere,niere,backpflaume,1,A
hühnerbrühe--sahne,hühnerbrühe,sahne,1,A
ente--hühnerbrühe,hühnerbrühe,ente,1,A
hühnerbrühe--spargel,hühnerbrühe,spargel,1,A
hühnerbrühe--suppengemüse,hühnerbrühe,suppengemüse,1,A
ei--hühnerbrühe,hühnerbrühe,ei,1,A
butter--hühnerbrühe,hühnerbrühe,butter,1,A
hühnerbrühe--petersilie,hühnerbrühe,petersilie,1,A
radieschen--wurst,radieschen,wurst,1,A
mayonnaise--radieschen,radieschen,mayonnaise,1,A
lachs--radieschen,radieschen,lachs,1,A
gurke--radieschen,radieschen,gurke,2,A
knollensellerie--radieschen,radieschen,knollensellerie,1,A
ei--radieschen,radieschen,ei,2,A
limburger--muskat,limburger,muskat,1,A
limburger--milch,limburger,milch,1,A
ei--limburger,limburger,ei,1,A
orangensaft--pflanzenfett,orangensaft,pflanzenfett,1,A
obstessig--orangensaft,orangensaft,obstessig,1,A
orangensaft--sahne,orangensaft,sahne,1,A
orangensaft--wacholder,orangensaft,wacholder,1,A
knollensellerie--orangensaft,orangensaft,knollensellerie,1,A
gemüsebrühe--orangensaft,orangensaft,gemüsebrühe,1,A
orangensaft--tomatenmark,orangensaft,tomatenmark,1,A
herbes_de_provence--orangensaft,orangensaft,herbes_de_provence,1,A
orangensaft--senfsamen,orangensaft,senfsamen,1,A
pflanzenfett--weißweinessig,weißweinessig,pflanzenfett,1,A
wacholder--weißweinessig,weißweinessig,wacholder,1,A
gemüsebrühe--lauch,gemüsebrühe,lauch,1,A
gemüsebrühe--suppengemüse,gemüsebrühe,suppengemüse,1,A
gemüsebrühe--sahne,gemüsebrühe,sahne,3,A
cayennepfeffer--gemüsebrühe,gemüsebrühe,cayennepfeffer,1,A
gemüsebrühe--hefewürze,gemüsebrühe,hefewürze,1,A
gemüsebrühe--knollensellerie,gemüsebrühe,knollensellerie,2,A
gemüsebrühe--tomatenmark,gemüsebrühe,tomatenmark,2,A
gemüsebrühe--pfifferlinge,gemüsebrühe,pfifferlinge,1,A
gemüsebrühe--senfsamen,gemüsebrühe,senfsamen,1,A
gemüsebrühe--rehundhirsch,gemüsebrühe,rehundhirsch,1,A
gemüsebrühe--pflanzenfett,gemüsebrühe,pflanzenfett,2,A
gemüsebrühe--karotte,gemüsebrühe,karotte,1,A
gemüsebrühe--muskat,gemüsebrühe,muskat,2,A
gemüsebrühe--obstessig,gemüsebrühe,obstessig,1,A
gemüsebrühe--wacholder,gemüsebrühe,wacholder,3,A
ei--gemüsebrühe,gemüsebrühe,ei,1,A
gemüsebrühe--herbes_de_provence,gemüsebrühe,herbes_de_provence,1,A
butter--gemüsebrühe,gemüsebrühe,butter,1,A
essig--ohren,ohren,essig,1,A
blut--ohren,ohren,blut,1,A
backpflaume--ohren,ohren,backpflaume,1,A
ei--räucherfisch,räucherfisch,ei,1,A
pflanzenfett--senfsamen,senfsamen,pflanzenfett,1,A
obstessig--senfsamen,senfsamen,obstessig,1,A
sahne--senfsamen,senfsamen,sahne,1,A
senfsamen--wacholder,senfsamen,wacholder,1,A
knollensellerie--senfsamen,senfsamen,knollensellerie,1,A
senfsamen--tomatenmark,senfsamen,tomatenmark,1,A
herbes_de_provence--senfsamen,senfsamen,herbes_de_provence,1,A
milch--rindfleisch,rindfleisch,milch,1,A
karotte--rindfleisch,rindfleisch,karotte,2,A
lauch--rindfleisch,rindfleisch,lauch,2,A
paprikapulver--rindfleisch,rindfleisch,paprikapulver,1,A
rindfleisch--suppengemüse,rindfleisch,suppengemüse,2,A
graupen--rindfleisch,rindfleisch,graupen,1,A
essig--rindfleisch,rindfleisch,essig,2,A
petersilie--rindfleisch,rindfleisch,petersilie,2,A
kartoffel--rindfleisch,rindfleisch,kartoffel,3,A
knollensellerie--rindfleisch,rindfleisch,knollensellerie,2,A
ei--rindfleisch,rindfleisch,ei,1,A
brühe--rindfleisch,rindfleisch,brühe,1,A
pflanzenfett--rehundhirsch,rehundhirsch,pflanzenfett,1,A
karotte--rehundhirsch,rehundhirsch,karotte,1,A
hefewürze--rehundhirsch,rehundhirsch,hefewürze,1,A
rehundhirsch--wacholder,rehundhirsch,wacholder,1,A
knollensellerie--rehundhirsch,rehundhirsch,knollensellerie,1,A
rehundhirsch--tomatenmark,rehundhirsch,tomatenmark,2,A
rehundhirsch--thymian,rehundhirsch,thymian,1,A
pflanzenfett--suppengemüse,pflanzenfett,suppengemüse,1,A
pflanzenfett--sahne,pflanzenfett,sahne,1,A
hefewürze--pflanzenfett,pflanzenfett,hefewürze,1,A
knollensellerie--pflanzenfett,pflanzenfett,knollensellerie,3,A
pflanzenfett--tomatenmark,pflanzenfett,tomatenmark,3,A
pfifferlinge--pflanzenfett,pflanzenfett,pfifferlinge,1,A
kaninchen--pflanzenfett,pflanzenfett,kaninchen,1,A
karotte--pflanzenfett,pflanzenfett,karotte,2,A
obstessig--pflanzenfett,pflanzenfett,obstessig,1,A
petersilie--pflanzenfett,pflanzenfett,petersilie,1,A
pflanzenfett--wacholder,pflanzenfett,wacholder,4,A
ei--pflanzenfett,pflanzenfett,ei,1,A
herbes_de_provence--pflanzenfett,pflanzenfett,herbes_de_provence,1,A
ketchup--sahne,ketchup,sahne,1,A
cayennepfeffer--ketchup,ketchup,cayennepfeffer,1,A
ketchup--wacholder,ketchup,wacholder,1,A
ketchup--pfifferlinge,ketchup,pfifferlinge,1,A
butter--ketchup,ketchup,butter,1,A
dill--sahne,dill,sahne,1,A
dill--gurke,dill,gurke,2,A
dill--kartoffel,dill,kartoffel,1,A
dill--mayonnaise,dill,mayonnaise,1,A
dill--lauchzwiebel,dill,lauchzwiebel,1,A
ei--paprikapulver,paprikapulver,ei,1,A
obstessig--sahne,obstessig,sahne,1,A
obstessig--wacholder,obstessig,wacholder,1,A
knollensellerie--obstessig,obstessig,knollensellerie,1,A
obstessig--tomatenmark,obstessig,tomatenmark,1,A
herbes_de_provence--obstessig,obstessig,herbes_de_provence,1,A
liebstöckel--muskat,liebstöckel,muskat,1,A
liebstöckel--milch,liebstöckel,milch,1,A
ei--liebstöckel,liebstöckel,ei,1,A
butter--liebstöckel,liebstöckel,butter,1,A
sahne--stockfisch,stockfisch,sahne,1,A
essig--milch,essig,milch,1,A
essig--lauch,essig,lauch,1,A
essig--suppengemüse,essig,suppengemüse,2,A
essig--wurst,essig,wurst,1,A
essig--graupen,essig,graupen,1,A
birne--essig,essig,birne,1,A
essig--sahne,essig,sahne,2,A
essig--knollensellerie,essig,knollensellerie,1,A
essig--steckrübe,essig,steckrübe,1,A
essig--thymian,essig,thymian,1,A
essig--muskat,essig,muskat,2,A
backpflaume--essig,essig,backpflaume,1,A
essig--petersilie,essig,petersilie,1,A
essig--wacholder,essig,wacholder,1,A
essig--kartoffel,essig,kartoffel,3,A
blut--essig,essig,blut,1,A
ei--essig,essig,ei,4,A
brühe--essig,essig,brühe,1,A
blätterteig--sahne,blätterteig,sahne,1,A
blätterteig--ei,blätterteig,ei,1,A
matjes--wacholder,matjes,wacholder,1,A
matjes--petersilie,matjes,petersilie,1,A
kartoffel--lauch,kartoffel,lauch,3,A
kartoffel--suppengemüse,kartoffel,suppengemüse,1,A
graupen--kartoffel,kartoffel,graupen,1,A
kartoffel--sahne,kartoffel,sahne,2,A
gurke--kartoffel,kartoffel,gurke,1,A
kartoffel--knollensellerie,kartoffel,knollensellerie,4,A
karotte--kartoffel,kartoffel,karotte,3,A
kartoffel--petersilie,kartoffel,petersilie,3,A
bohnen--kartoffel,kartoffel,bohnen,1,A
ei--kartoffel,kartoffel,ei,2,A
kartoffel--lauchzwiebel,kartoffel,lauchzwiebel,1,A
brühe--kartoffel,kartoffel,brühe,1,A
sahne--spargel,spargel,sahne,1,A
ei--spargel,spargel,ei,1,A
butter--spargel,spargel,butter,1,A
petersilie--spargel,spargel,petersilie,2,A
bier--muskat,bier,muskat,1,A
bier--ei,bier,ei,1,A
milch--muskat,milch,muskat,2,A
hartweizengrieß--milch,milch,hartweizengrieß,1,A
milch--sahne,milch,sahne,1,A
hackfleisch--milch,milch,hackfleisch,1,A
ei--milch,milch,ei,2,A
butter--milch,milch,butter,2,A
birne--lauch,lauch,birne,1,A
lauch--sahne,lauch,sahne,2,A
blumenkohl--lauch,lauch,blumenkohl,1,A
knollensellerie--lauch,lauch,knollensellerie,6,A
lauch--steckrübe,lauch,steckrübe,1,A
lauch--thymian,lauch,thymian,1,A
lauch--muskat,lauch,muskat,1,A
karotte--lauch,lauch,karotte,4,A
lauch--petersilie,lauch,petersilie,6,A
butter--lauch,lauch,butter,1,A
brühe--lauch,lauch,brühe,1,A
graupen--suppengemüse,suppengemüse,graupen,1,A
kabeljau--suppengemüse,suppengemüse,kabeljau,1,A
sahne--suppengemüse,suppengemüse,sahne,2,A
cayennepfeffer--suppengemüse,suppengemüse,cayennepfeffer,1,A
suppengemüse--thymian,suppengemüse,thymian,1,A
suppengemüse--tomatenmark,suppengemüse,tomatenmark,1,A
pfifferlinge--suppengemüse,suppengemüse,pfifferlinge,1,A
blutwurst--suppengemüse,suppengemüse,blutwurst,1,A
brühe--suppengemüse,suppengemüse,brühe,1,A
muskat--suppengemüse,suppengemüse,muskat,1,A
ente--suppengemüse,suppengemüse,ente,1,A
petersilie--suppengemüse,suppengemüse,petersilie,2,A
suppengemüse--wacholder,suppengemüse,wacholder,3,A
champignon--suppengemüse,suppengemüse,champignon,1,A
ei--suppengemüse,suppengemüse,ei,2,A
leberwurst--suppengemüse,suppengemüse,leberwurst,1,A
muskat--wurst,wurst,muskat,1,A
gurke--wurst,wurst,gurke,1,A
knollensellerie--wurst,wurst,knollensellerie,1,A
ei--wurst,wurst,ei,1,A
hackfleisch--hartweizengrieß,hartweizengrieß,hackfleisch,1,A
butter--hartweizengrieß,hartweizengrieß,butter,1,A
brühe--graupen,graupen,brühe,1,A
birne--petersilie,birne,petersilie,1,A
birne--knollensellerie,birne,knollensellerie,1,A
birne--steckrübe,birne,steckrübe,1,A
birne--thymian,birne,thymian,1,A
kabeljau--thymian,kabeljau,thymian,1,A
kabeljau--petersilie,kabeljau,petersilie,1,A
gurke--lachs,lachs,gurke,1,A
lachs--mayonnaise,lachs,mayonnaise,1,A
ei--lachs,lachs,ei,1,A
cayennepfeffer--sahne,sahne,cayennepfeffer,2,A
gurke--sahne,sahne,gurke,1,A
knollensellerie--sahne,sahne,knollensellerie,3,A
sahne--tomatenmark,sahne,tomatenmark,2,A
pfifferlinge--sahne,sahne,pfifferlinge,2,A
sahne--zimt,sahne,zimt,1,A
muskat--sahne,sahne,muskat,2,A
mayonnaise--sahne,sahne,mayonnaise,2,A
petersilie--sahne,sahne,petersilie,3,A
hackfleisch--sahne,sahne,hackfleisch,1,A
sahne--wacholder,sahne,wacholder,4,A
ei--sahne,sahne,ei,6,A
herbes_de_provence--sahne,sahne,herbes_de_provence,1,A
butter--sahne,sahne,butter,4,A
brühe--sahne,sahne,brühe,1,A
gurke--mayonnaise,gurke,mayonnaise,2,A
gurke--knollensellerie,gurke,knollensellerie,1,A
ei--gurke,gurke,ei,2,A
gurke--lauchzwiebel,gurke,lauchzwiebel,1,A
cayennepfeffer--muskat,cayennepfeffer,muskat,1,A
cayennepfeffer--wacholder,cayennepfeffer,wacholder,2,A
cayennepfeffer--pfifferlinge,cayennepfeffer,pfifferlinge,2,A
cayennepfeffer--ei,cayennepfeffer,ei,1,A
butter--cayennepfeffer,cayennepfeffer,butter,1,A
blumenkohl--karotte,blumenkohl,karotte,1,A
blumenkohl--petersilie,blumenkohl,petersilie,1,A
blumenkohl--knollensellerie,blumenkohl,knollensellerie,1,A
hefewürze--karotte,hefewürze,karotte,1,A
hefewürze--wacholder,hefewürze,wacholder,1,A
hefewürze--knollensellerie,hefewürze,knollensellerie,1,A
hefewürze--tomatenmark,hefewürze,tomatenmark,1,A
knollensellerie--steckrübe,knollensellerie,steckrübe,1,A
knollensellerie--thymian,knollensellerie,thymian,1,A
knollensellerie--tomatenmark,knollensellerie,tomatenmark,4,A
knollensellerie--pfifferlinge,knollensellerie,pfifferlinge,1,A
karotte--knollensellerie,knollensellerie,karotte,7,A
kaninchen--knollensellerie,knollensellerie,kaninchen,1,A
knollensellerie--petersilie,knollensellerie,petersilie,7,A
hackfleisch--knollensellerie,knollensellerie,hackfleisch,1,A
knollensellerie--wacholder,knollensellerie,wacholder,3,A
ei--knollensellerie,knollensellerie,ei,1,A
herbes_de_provence--knollensellerie,knollensellerie,herbes_de_provence,1,A
brühe--knollensellerie,knollensellerie,brühe,2,A
bechamel--champignon,bechamel,champignon,1,A
bechamel--ei,bechamel,ei,1,A
bechamel--butter,bechamel,butter,1,A
steckrübe--thymian,thymian,steckrübe,1,A
thymian--tomatenmark,thymian,tomatenmark,1,A
petersilie--thymian,thymian,petersilie,2,A
thymian--wacholder,thymian,wacholder,1,A
butter--thymian,thymian,butter,1,A
pfifferlinge--tomatenmark,tomatenmark,pfifferlinge,1,A
karotte--tomatenmark,tomatenmark,karotte,2,A
kaninchen--tomatenmark,tomatenmark,kaninchen,1,A
petersilie--tomatenmark,tomatenmark,petersilie,1,A
hackfleisch--tomatenmark,tomatenmark,hackfleisch,1,A
tomatenmark--wacholder,tomatenmark,wacholder,3,A
champignon--tomatenmark,tomatenmark,champignon,1,A
herbes_de_provence--tomatenmark,tomatenmark,herbes_de_provence,1,A
butter--tomatenmark,tomatenmark,butter,1,A
brühe--tomatenmark,tomatenmark,brühe,1,A
muskat--pfifferlinge,pfifferlinge,muskat,1,A
kaninchen--pfifferlinge,pfifferlinge,kaninchen,1,A
karotte--pfifferlinge,pfifferlinge,karotte,1,A
pfifferlinge--wacholder,pfifferlinge,wacholder,3,A
ei--pfifferlinge,pfifferlinge,ei,1,A
butter--pfifferlinge,pfifferlinge,butter,1,A
petersilie--steckrübe,steckrübe,petersilie,1,A
krabben--muscheln,muscheln,krabben,1,A
hefe--muscheln,muscheln,hefe,1,A
blutwurst--wacholder,blutwurst,wacholder,1,A
blutwurst--leberwurst,blutwurst,leberwurst,2,A
blutwurst--brühe,blutwurst,brühe,1,A
bratwurst--muskat,muskat,bratwurst,1,A
hackfleisch--muskat,muskat,hackfleisch,1,A
muskat--wacholder,muskat,wacholder,1,A
ei--muskat,muskat,ei,5,A
butter--muskat,muskat,butter,3,A
kaninchen--karotte,karotte,kaninchen,1,A
karotte--petersilie,karotte,petersilie,4,A
karotte--wacholder,karotte,wacholder,2,A
brühe--karotte,karotte,brühe,1,A
kaninchen--wacholder,kaninchen,wacholder,1,A
bratwurst--hackfleisch,bratwurst,hackfleisch,1,A
bratwurst--ei,bratwurst,ei,1,A
ei--mayonnaise,mayonnaise,ei,2,A
hefe--krabben,krabben,hefe,1,A
backpflaume--blut,backpflaume,blut,1,A
butter--petersilie,petersilie,butter,1,A
hackfleisch--petersilie,petersilie,hackfleisch,1,A
petersilie--wacholder,petersilie,wacholder,1,A
ei--petersilie,petersilie,ei,2,A
brühe--petersilie,petersilie,brühe,2,A
ei--hackfleisch,hackfleisch,ei,1,A
butter--hackfleisch,hackfleisch,butter,1,A
brühe--hackfleisch,hackfleisch,brühe,1,A
butter--wacholder,wacholder,butter,1,A
ei--wacholder,wacholder,ei,2,A
leberwurst--wacholder,wacholder,leberwurst,1,A
herbes_de_provence--wacholder,wacholder,herbes_de_provence,1,A
champignon--hefe,champignon,hefe,1,A
champignon--ei,champignon,ei,1,A
butter--champignon,champignon,butter,1,A
butter--ei,ei,butter,6,A
brühe--leberwurst,leberwurst,brühe,1,A
